country,iso2c,year,gdp_ppp_pc,GDP_constUSD,population
Austria,AT,1960,,12051.1511700385,7047539
Austria,AT,1961,,12648.9746969392,7086299
Austria,AT,1962,,12904.669883596,7129864
Austria,AT,1963,,13352.6511315776,7175811
Austria,AT,1964,,14076.2761631952,7223801
Austria,AT,1965,,14471.8213231195,7270889
Austria,AT,1966,,15181.5887613761,7322066
Austria,AT,1967,,15521.8096470115,7376998
Austria,AT,1968,,16132.0095204536,7415403
Austria,AT,1969,,17085.3299659169,7441055
Austria,AT,1970,,18101.9919477322,7467086
Austria,AT,1971,,18943.1811467755,7500482
Austria,AT,1972,,20002.5561105758,7544201
Austria,AT,1973,,20864.8474583279,7586115
Austria,AT,1974,,21650.4867976498,7599038
Austria,AT,1975,,21629.0463028275,7578903
Austria,AT,1976,,22659.317777419,7565525
Austria,AT,1977,,23801.2675449624,7568430
Austria,AT,1978,,23770.3662432365,7562305
Austria,AT,1979,,25086.400193858,7549425
Austria,AT,1980,,25520.74055574,7549433
Austria,AT,1981,,25419.0096476102,7568710
Austria,AT,1982,,25911.6609400039,7574140
Austria,AT,1983,,26725.1907228527,7561910
Austria,AT,1984,,26740.5772417596,7561434
Austria,AT,1985,,27395.8726479906,7564985
Austria,AT,1986,,28008.5545890344,7569794
Austria,AT,1987,,28370.7178819139,7574586
Austria,AT,1988,,29264.3235778252,7585317
Austria,AT,1989,,30265.1932308117,7619567
Austria,AT,1990,19473.0819594859,31340.6812927165,7677850
Austria,AT,1991,20617.5829787127,32097.2410936755,7754891
Austria,AT,1992,21293.2648588333,32410.53977326,7840709
Austria,AT,1993,21732.8710942007,32313.7118722637,7905633
Austria,AT,1994,22642.8477256733,32962.8174189767,7936118
Austria,AT,1995,23698.109130502,33790.4849857504,7948278
Austria,AT,1996,24560.6240085942,34537.7395746518,7959017
Austria,AT,1997,25426.662812476,35220.8877426259,7968041
Austria,AT,1998,26675.6502354234,36442.2882333384,7976789
Austria,AT,1999,27606.4830303088,37664.9432792116,7992324
Austria,AT,2000,29381.6848770115,38842.8905195831,8011566
Austria,AT,2001,29708.49357024,39184.8085972636,8042293
Austria,AT,2002,31178.6933297272,39636.4826114521,8081957
Austria,AT,2003,32145.8705108106,39815.2219533064,8121423
Austria,AT,2004,33774.0180945488,40651.2266155811,8171966
Austria,AT,2005,35013.7140443423,41281.2707559522,8227829
Austria,AT,2006,37659.732973109,42496.3510516831,8268641
Austria,AT,2007,39435.60573762,43937.7128905744,8295487
Austria,AT,2008,41316.225176699,44440.055889928,8321496
Austria,AT,2009,40918.5200993586,42655.1921304813,8343323
Austria,AT,2010,42007.2937461255,43334.5089644691,8363404
Austria,AT,2011,44452.7327457999,44451.0001918473,8391643
Austria,AT,2012,46457.3457770311,44549.881698231,8429991
Austria,AT,2013,47922.0491207455,44299.3781845446,8479823
Austria,AT,2014,48799.7154676985,44245.1687398338,8546356
Austria,AT,2015,49865.9039424185,44195.8175947748,8642699
Austria,AT,2016,52684.0171130768,44590.2516278164,8736668
Austria,AT,2017,54172.9867888254,45281.723399938,8797566
Austria,AT,2018,56960.0914258929,46154.6250956541,8840521
Austria,AT,2019,59756.6865499955,46647.0809634335,8879920
Austria,AT,2020,56999.9398541031,43455.7000665738,8916864
Austria,AT,2021,59552.6542830964,45238.3907144733,8955797
Austria,AT,2022,,,
Belgium,BE,1960,,11734.306170839,9153489
Belgium,BE,1961,,12277.6347194523,9183948
Belgium,BE,1962,,12866.2287658556,9220578
Belgium,BE,1963,,13326.1132693154,9289770
Belgium,BE,1964,,14118.902318486,9378113
Belgium,BE,1965,,14489.4450965924,9463667
Belgium,BE,1966,,14846.0973473565,9527807
Belgium,BE,1967,,15334.7678862416,9580991
Belgium,BE,1968,,15915.1956538995,9618756
Belgium,BE,1969,,16922.3543777831,9646032
Belgium,BE,1970,,17849.4947135456,9655549
Belgium,BE,1971,,18527.1487401867,9673162
Belgium,BE,1972,,19432.03103295,9711115
Belgium,BE,1973,,20607.1809135777,9741720
Belgium,BE,1974,,21480.261317053,9772419
Belgium,BE,1975,,20997.2068325293,9800700
Belgium,BE,1976,,22144.5236139589,9818227
Belgium,BE,1977,,22255.6844094244,9830358
Belgium,BE,1978,,22866.8232310329,9839534
Belgium,BE,1979,,23381.1272443226,9848382
Belgium,BE,1980,,24393.2981775195,9859242
Belgium,BE,1981,,24325.8132752066,9858982
Belgium,BE,1982,,24477.1998826276,9856303
Belgium,BE,1983,,24555.480969759,9855520
Belgium,BE,1984,,25161.4909793831,9855372
Belgium,BE,1985,,25569.4893301131,9858308
Belgium,BE,1986,,26026.2804981502,9861823
Belgium,BE,1987,,26603.9280981301,9870234
Belgium,BE,1988,,27772.0520454683,9901664
Belgium,BE,1989,,28631.3190930238,9937697
Belgium,BE,1990,18688.6467366551,29441.6621481593,9967379
Belgium,BE,1991,19601.8239024872,29870.1477747077,10004486
Belgium,BE,1992,20272.9885926744,30204.5637515713,10045158
Belgium,BE,1993,20473.7868382439,29797.4063198776,10084475
Belgium,BE,1994,21519.3380677459,30664.3078546408,10115603
Belgium,BE,1995,22447.4638004465,31329.892072751,10136811
Belgium,BE,1996,22744.6996622345,31681.9363634502,10156637
Belgium,BE,1997,23732.2210706898,32804.3605402361,10181245
Belgium,BE,1998,24369.4867183382,33376.5748398965,10203008
Belgium,BE,1999,25440.8411888638,34479.9064484695,10226419
Belgium,BE,2000,27789.9435461287,35674.7912530713,10251250
Belgium,BE,2001,28793.6110538361,35943.2379602838,10286570
Belgium,BE,2002,30282.2886450283,36393.2417665704,10332785
Belgium,BE,2003,30934.4414026198,36617.3803840227,10376133
Belgium,BE,2004,32063.2607941715,37761.2813189981,10421137
Belgium,BE,2005,33177.8909458158,38426.0519083731,10478617
Belgium,BE,2006,35256.9283814906,39147.7635597291,10547958
Belgium,BE,2007,36795.8471504369,40290.2277563956,10625700
Belgium,BE,2008,37883.3319417819,40151.8498740394,10709973
Belgium,BE,2009,37749.9091897753,39025.2207908291,10796493
Belgium,BE,2010,39838.040511042,39777.9252767366,10895586
Belgium,BE,2011,40942.372710454,39929.0951439359,11038264
Belgium,BE,2012,42290.7620520019,39975.5736402458,11106932
Belgium,BE,2013,43671.11959259,39970.3174974794,11159407
Belgium,BE,2014,44929.685593416,40421.4207919096,11209057
Belgium,BE,2015,46200.904454307,41008.296719472,11274196
Belgium,BE,2016,48597.3999826201,41318.0196388476,11331422
Belgium,BE,2017,50442.2705419624,41825.7628316432,11375158
Belgium,BE,2018,52535.23221854,42382.3182763247,11427054
Belgium,BE,2019,55753.8494538306,43098.4847198889,11488980
Belgium,BE,2020,54202.5200672849,40612.3924560653,11538604
Belgium,BE,2021,59387.880265448,42901.4320595797,11592952
Belgium,BE,2022,,,
Bulgaria,BG,1960,,,7867374
Bulgaria,BG,1961,,,7943118
Bulgaria,BG,1962,,,8012946
Bulgaria,BG,1963,,,8078145
Bulgaria,BG,1964,,,8144340
Bulgaria,BG,1965,,,8204168
Bulgaria,BG,1966,,,8258057
Bulgaria,BG,1967,,,8310226
Bulgaria,BG,1968,,,8369603
Bulgaria,BG,1969,,,8434172
Bulgaria,BG,1970,,,8489574
Bulgaria,BG,1971,,,8536395
Bulgaria,BG,1972,,,8576200
Bulgaria,BG,1973,,,8620967
Bulgaria,BG,1974,,,8678745
Bulgaria,BG,1975,,,8720742
Bulgaria,BG,1976,,,8758599
Bulgaria,BG,1977,,,8804183
Bulgaria,BG,1978,,,8814032
Bulgaria,BG,1979,,,8825940
Bulgaria,BG,1980,,3428.40951178545,8861535
Bulgaria,BG,1981,,3584.44137344303,8891117
Bulgaria,BG,1982,,3657.28776629272,8917457
Bulgaria,BG,1983,,3773.31598438984,8939738
Bulgaria,BG,1984,,3892.35683500023,8960679
Bulgaria,BG,1985,,3996.86480200571,8960547
Bulgaria,BG,1986,,4166.1416695377,8958171
Bulgaria,BG,1987,,4411.8862225923,8971359
Bulgaria,BG,1988,,4889.25631992299,8981446
Bulgaria,BG,1989,,4784.05464613583,8876972
Bulgaria,BG,1990,7551.15417358242,4427.01071363047,8718289
Bulgaria,BG,1991,7218.36789714754,4093.47667850379,8632367
Bulgaria,BG,1992,6919.86889339485,3836.76395475034,8540164
Bulgaria,BG,1993,7034.92845471041,3810.24372212006,8472313
Bulgaria,BG,1994,7340.66650240459,3892.71107002069,8443591
Bulgaria,BG,1995,7743.44322933175,4021.96452989335,8406067
Bulgaria,BG,1996,6848.99369971199,4253.20220185448,8362826
Bulgaria,BG,1997,5750.51171536098,3675.15273864966,8312068
Bulgaria,BG,1998,6177.94084712058,3839.94747773847,8256786
Bulgaria,BG,1999,5807.79182219793,3537.31842905104,8210624
Bulgaria,BG,2000,6422.83277066238,3717.90048242716,8170172
Bulgaria,BG,2001,6960.08330374242,3937.67150224538,8009142
Bulgaria,BG,2002,7786.4484224601,4260.37221454478,7837161
Bulgaria,BG,2003,8417.38546012655,4519.14992092151,7775327
Bulgaria,BG,2004,9201.56567500039,4849.83439967398,7716860
Bulgaria,BG,2005,10291.4238650414,5231.29820427443,7658972
Bulgaria,BG,2006,11406.4859464649,5629.75831393618,7601022
Bulgaria,BG,2007,12820.8099858108,6048.69609187226,7545338
Bulgaria,BG,2008,14346.8955358868,6464.67265403586,7492561
Bulgaria,BG,2009,14181.9496606098,6288.67740963612,7444443
Bulgaria,BG,2010,14956.357308919,6427.81006212601,7395599
Bulgaria,BG,2011,15747.0795962298,6605.08982045823,7348328
Bulgaria,BG,2012,16327.8584708922,6693.61236429071,7305888
Bulgaria,BG,2013,16647.0098720736,6693.45015260161,7265115
Bulgaria,BG,2014,17616.9540727435,6796.68911922266,7223938
Bulgaria,BG,2015,18391.8968113244,7074.68102325059,7177991
Bulgaria,BG,2016,20074.26478835,7341.04761379451,7127822
Bulgaria,BG,2017,21469.9708893116,7599.12495683519,7075947
Bulgaria,BG,2018,23016.0668039048,7859.6921556743,7025037
Bulgaria,BG,2019,25170.2159956367,8234.83966944834,6975761
Bulgaria,BG,2020,25296.1761640127,7956.46908962689,6934015
Bulgaria,BG,2021,28113.0511781499,8633.98229147066,6877743
Bulgaria,BG,2022,,,
Croatia,HR,1960,,,4140181
Croatia,HR,1961,,,4167292
Croatia,HR,1962,,,4196712
Croatia,HR,1963,,,4225675
Croatia,HR,1964,,,4252876
Croatia,HR,1965,,,4280923
Croatia,HR,1966,,,4310701
Croatia,HR,1967,,,4338683
Croatia,HR,1968,,,4365628
Croatia,HR,1969,,,4391490
Croatia,HR,1970,,,4412252
Croatia,HR,1971,,,4431275
Croatia,HR,1972,,,4450564
Croatia,HR,1973,,,4470161
Croatia,HR,1974,,,4490660
Croatia,HR,1975,,,4512082
Croatia,HR,1976,,,4535934
Croatia,HR,1977,,,4559571
Croatia,HR,1978,,,4581085
Croatia,HR,1979,,,4594778
Croatia,HR,1980,,,4599782
Croatia,HR,1981,,,4611509
Croatia,HR,1982,,,4634234
Croatia,HR,1983,,,4658254
Croatia,HR,1984,,,4680285
Croatia,HR,1985,,,4701417
Croatia,HR,1986,,,4721446
Croatia,HR,1987,,,4739745
Croatia,HR,1988,,,4755207
Croatia,HR,1989,,,4767260
Croatia,HR,1990,,,4777368
Croatia,HR,1991,,,4689022
Croatia,HR,1992,,,4575818
Croatia,HR,1993,,,4600463
Croatia,HR,1994,,,4652024
Croatia,HR,1995,8054.46446886753,7226.35292805261,4620030
Croatia,HR,1996,8804.35816495025,7784.2658588921,4557097
Croatia,HR,1997,9534.25635039279,8305.22044591226,4534920
Croatia,HR,1998,9887.48669435285,8503.55138868285,4532135
Croatia,HR,1999,9939.95616299273,8476.6445905627,4512597
Croatia,HR,2000,10669.4277209954,8805.85839996229,4468302
Croatia,HR,2001,11650.4285728223,9432.65857833887,4299642
Croatia,HR,2002,12774.8276389542,9970.44171500607,4302174
Croatia,HR,2003,13697.3266522858,10522.174682112,4303399
Croatia,HR,2004,14694.4571109449,10956.223307142,4304600
Croatia,HR,2005,15455.1120603094,11408.5760540598,4310145
Croatia,HR,2006,17611.9978550392,11963.2916296618,4311159
Croatia,HR,2007,19527.4299464224,12564.3346357853,4310217
Croatia,HR,2008,20978.5044939516,12817.378074954,4309705
Croatia,HR,2009,20227.3944068928,11907.8670352057,4305181
Croatia,HR,2010,20048.3500460889,11788.8503191383,4295427
Croatia,HR,2011,21094.038304797,11819.377265251,4280622
Croatia,HR,2012,21463.734311996,11579.1276366176,4267558
Croatia,HR,2013,22134.7298641679,11565.2280592202,4255689
Croatia,HR,2014,22360.9622721031,11562.5750919826,4238389
Croatia,HR,2015,23338.2420674081,11952.3111753908,4203604
Croatia,HR,2016,25260.2169300482,12464.4835228917,4174349
Croatia,HR,2017,27206.9654125638,13045.5193626136,4124531
Croatia,HR,2018,28909.4108535923,13531.2435029842,4087843
Croatia,HR,2019,31588.1112997002,14071.9114694775,4065253
Croatia,HR,2020,29690.0341758221,12920.3443843408,4047680
Croatia,HR,2021,34543.7221294185,15166.41328825,3899000
Croatia,HR,2022,,,
Cyprus,CY,1960,,,585725
Cyprus,CY,1961,,,594771
Cyprus,CY,1962,,,601095
Cyprus,CY,1963,,,607072
Cyprus,CY,1964,,,612338
Cyprus,CY,1965,,,617345
Cyprus,CY,1966,,,622566
Cyprus,CY,1967,,,627695
Cyprus,CY,1968,,,632452
Cyprus,CY,1969,,,636821
Cyprus,CY,1970,,,640804
Cyprus,CY,1971,,,644413
Cyprus,CY,1972,,,647620
Cyprus,CY,1973,,,650705
Cyprus,CY,1974,,,648585
Cyprus,CY,1975,,6173.26513671875,644982
Cyprus,CY,1976,,7484.767578125,648868
Cyprus,CY,1977,,8708.375,656414
Cyprus,CY,1978,,9350.9091796875,663975
Cyprus,CY,1979,,10197.5732421875,671611
Cyprus,CY,1980,,10667.7470703125,679327
Cyprus,CY,1981,,10756.1640625,687170
Cyprus,CY,1982,,11269.71875,696227
Cyprus,CY,1983,,11801.0908203125,707477
Cyprus,CY,1984,,12669.3857421875,719678
Cyprus,CY,1985,,13127.4140625,731664
Cyprus,CY,1986,,13458.41015625,743446
Cyprus,CY,1987,,14253.4345703125,755021
Cyprus,CY,1988,,15322.5546875,766412
Cyprus,CY,1989,,16306.1875,777592
Cyprus,CY,1990,13349.0302734375,17144.3203125,788500
Cyprus,CY,1991,13547.259765625,16829.765625,799061
Cyprus,CY,1992,14760.4853515625,17928.384765625,810431
Cyprus,CY,1993,14853.0859375,17623.1328125,825986
Cyprus,CY,1994,15736.447265625,18280.86328125,844444
Cyprus,CY,1995,17097.171875,19453.677734375,862418
Cyprus,CY,1996,17319.966796875,19385.126953125,880058
Cyprus,CY,1997,17780.939453125,19617.015625,897471
Cyprus,CY,1998,18759.564453125,20562.11328125,914660
Cyprus,CY,1999,19662.640625,21349.560546875,931600
Cyprus,CY,2000,21291.4140625,22383.767578125,948237
Cyprus,CY,2001,22865.5078125,23019.046875,964830
Cyprus,CY,2002,23556.408203125,23603.9765625,982194
Cyprus,CY,2003,24280.845703125,23930.564453125,1000350
Cyprus,CY,2004,25945.037109375,24799.439453125,1018684
Cyprus,CY,2005,27763.154296875,25631.154296875,1037062
Cyprus,CY,2006,30011.119140625,26395.294921875,1055438
Cyprus,CY,2007,32885.2890625,27156.564453125,1073873
Cyprus,CY,2008,34830.2734375,27448.921875,1092390
Cyprus,CY,2009,33886.73828125,26183.34765625,1110974
Cyprus,CY,2010,33511.296875,26089.93359375,1129686
Cyprus,CY,2011,33406.17578125,25538.669921875,1145086
Cyprus,CY,2012,31923.9375,24285.388671875,1156556
Cyprus,CY,2013,30451.6953125,22738.390625,1166968
Cyprus,CY,2014,30171.142578125,22581.7265625,1176995
Cyprus,CY,2015,31922.349609375,23487.125,1187280
Cyprus,CY,2016,35878.4140625,24916.51953125,1197881
Cyprus,CY,2017,38415.109375,26101.181640625,1208523
Cyprus,CY,2018,40676.6171875,27241.0078125,1218831
Cyprus,CY,2019,44038.8671875,28359.919921875,1228836
Cyprus,CY,2020,41421.703125,26814.21484375,1237537
Cyprus,CY,2021,44393.76171875,28329.203125,1244188
Cyprus,CY,2022,,,
Czechia,CZ,1960,,,9602006
Czechia,CZ,1961,,,9586651
Czechia,CZ,1962,,,9624660
Czechia,CZ,1963,,,9670685
Czechia,CZ,1964,,,9727804
Czechia,CZ,1965,,,9779358
Czechia,CZ,1966,,,9821040
Czechia,CZ,1967,,,9852899
Czechia,CZ,1968,,,9876346
Czechia,CZ,1969,,,9896580
Czechia,CZ,1970,,,9858071
Czechia,CZ,1971,,,9826815
Czechia,CZ,1972,,,9867632
Czechia,CZ,1973,,,9922266
Czechia,CZ,1974,,,9988459
Czechia,CZ,1975,,,10058620
Czechia,CZ,1976,,,10125939
Czechia,CZ,1977,,,10186755
Czechia,CZ,1978,,,10242098
Czechia,CZ,1979,,,10292341
Czechia,CZ,1980,,,10304193
Czechia,CZ,1981,,,10300591
Czechia,CZ,1982,,,10314826
Czechia,CZ,1983,,,10323856
Czechia,CZ,1984,,,10330213
Czechia,CZ,1985,,,10337118
Czechia,CZ,1986,,,10342227
Czechia,CZ,1987,,,10347318
Czechia,CZ,1988,,,10355276
Czechia,CZ,1989,,,10361068
Czechia,CZ,1990,12725.2039375604,11626.6258716528,10333355
Czechia,CZ,1991,11655.4781390295,10300.8991599512,10308578
Czechia,CZ,1992,11848.5907011598,10238.2476845601,10319123
Czechia,CZ,1993,12124.3423274493,10233.9421858953,10329855
Czechia,CZ,1994,12738.9128151268,10527.8756898085,10333587
Czechia,CZ,1995,13860.0284251963,11219.1500652457,10327253
Czechia,CZ,1996,14689.7420591345,11711.3154124611,10315241
Czechia,CZ,1997,14824.6250559909,11663.17381617,10304131
Czechia,CZ,1998,14978.0700859819,11632.6028956161,10294373
Czechia,CZ,1999,15396.3117820518,11805.6718407762,10283860
Czechia,CZ,2000,16238.6122409225,12312.497769842,10255063
Czechia,CZ,2001,17624.4372194069,12734.9220286548,10216605
Czechia,CZ,2002,18252.5727653685,12959.8174813078,10196916
Czechia,CZ,2003,19539.0572771758,13428.099616179,10193998
Czechia,CZ,2004,20932.1973998463,14070.2804589818,10197101
Czechia,CZ,2005,22095.3878539836,14978.4131869153,10211216
Czechia,CZ,2006,23922.1571505868,15948.7452897204,10238905
Czechia,CZ,2007,26285.7011200096,16739.1787158121,10298828
Czechia,CZ,2008,27974.487131849,17046.8850268926,10384603
Czechia,CZ,2009,27761.7961673979,16160.6205565942,10443936
Czechia,CZ,2010,27880.5425661603,16505.9537034372,10474410
Czechia,CZ,2011,29001.3680365492,16761.8273125123,10496088
Czechia,CZ,2012,29254.7312685144,16606.9925391504,10510785
Czechia,CZ,2013,30818.1081558477,16593.8642307285,10514272
Czechia,CZ,2014,32502.4753540118,16951.3791150445,10525347
Czechia,CZ,2015,33899.2865661657,17829.6983223668,10546059
Czechia,CZ,2016,36097.7052556977,18247.0117295456,10566332
Czechia,CZ,2017,38824.8879170919,19139.2398841383,10594438
Czechia,CZ,2018,41135.4929835656,19689.5827032979,10629928
Czechia,CZ,2019,44203.9673126088,20206.4256384905,10671870
Czechia,CZ,2020,42716.4578545607,19048.0868543829,10697858
Czechia,CZ,2021,45719.0388030222,20083.8096038696,10505772
Czechia,CZ,2022,,,
Denmark,DK,1960,,18107.3759290293,4579603
Denmark,DK,1961,,19128.4044219207,4611687
Denmark,DK,1962,,20055.6436817272,4647727
Denmark,DK,1963,,20025.0367527905,4684483
Denmark,DK,1964,,21707.1637228444,4722072
Denmark,DK,1965,,22519.8115263793,4759012
Denmark,DK,1966,,22952.0113025231,4797381
Denmark,DK,1967,,24031.1274153613,4835354
Denmark,DK,1968,,25211.6295441511,4864883
Denmark,DK,1969,,26704.6332242614,4891860
Denmark,DK,1970,,26927.9590369218,4928757
Denmark,DK,1971,,27545.0669177612,4963126
Denmark,DK,1972,,28464.1397778596,4991596
Denmark,DK,1973,,29450.5970790465,5021861
Denmark,DK,1974,,28984.7792237673,5045297
Denmark,DK,1975,,28480.3554790863,5059862
Denmark,DK,1976,,30091.9728338229,5072596
Denmark,DK,1977,,30559.4558828137,5088419
Denmark,DK,1978,,31142.924578691,5104248
Denmark,DK,1979,,32268.5203006998,5116801
Denmark,DK,1980,,32073.6413237087,5123027
Denmark,DK,1981,,31869.0422345814,5121572
Denmark,DK,1982,,33067.5698057741,5117810
Denmark,DK,1983,,33949.3314179257,5114297
Denmark,DK,1984,,35382.234592759,5111619
Denmark,DK,1985,,36783.9410443123,5113691
Denmark,DK,1986,,38536.322876642,5120534
Denmark,DK,1987,,38585.402852645,5127024
Denmark,DK,1988,,38561.4119234317,5129516
Denmark,DK,1989,,38786.930952318,5132594
Denmark,DK,1990,18244.3186433434,39295.2434424919,5140939
Denmark,DK,1991,19074.5890241223,39739.6098511225,5154298
Denmark,DK,1992,19825.4140216714,40383.5587756081,5171370
Denmark,DK,1993,20230.0010056015,40253.5398981286,5188628
Denmark,DK,1994,21690.4169718935,42257.0983305221,5206180
Denmark,DK,1995,22697.1573565283,43310.2500901054,5233373
Denmark,DK,1996,23741.3734646484,44314.7904987137,5263074
Denmark,DK,1997,24928.345617283,45570.0798221242,5284991
Denmark,DK,1998,25814.6581688598,46412.038971456,5304219
Denmark,DK,1999,26653.8239044055,47622.4390779319,5321799
Denmark,DK,2000,28663.6518809203,49241.9280041345,5339616
Denmark,DK,2001,29442.9622908975,49469.6888088275,5358783
Denmark,DK,2002,30640.3456230968,49541.8555503286,5375931
Denmark,DK,2003,30821.943177174,49599.9969640753,5390574
Denmark,DK,2004,32938.8828843292,50792.00095345,5404523
Denmark,DK,2005,34150.1594558945,51835.8327062445,5419432
Denmark,DK,2006,37331.9800791967,53687.4415474978,5437272
Denmark,DK,2007,39011.1393871609,53935.8702479631,5461438
Denmark,DK,2008,41278.3268270571,53345.3576182976,5493621
Denmark,DK,2009,40331.824225527,50457.2324892863,5523095
Denmark,DK,2010,43000.8566352401,51173.4661587111,5547683
Denmark,DK,2011,44403.3848413929,51644.4635097775,5570572
Denmark,DK,2012,44803.9682421214,51567.0401502519,5591572
Denmark,DK,2013,46726.8541437832,51831.7979309232,5614932
Denmark,DK,2014,47901.4473627066,52404.7639713382,5643475
Denmark,DK,2015,49045.3391904109,53254.8563700916,5683483
Denmark,DK,2016,51976.0057060956,54556.0689545694,5728010
Denmark,DK,2017,55356.680780178,55735.7649011485,5764980
Denmark,DK,2018,57482.9623999067,56563.4884729669,5793636
Denmark,DK,2019,60094.393495974,57203.0277943447,5814422
Denmark,DK,2020,60979.8481659703,55898.7900294456,5831404
Denmark,DK,2021,64688.5955531553,58359.5839945633,5856733
Denmark,DK,2022,,,
Estonia,EE,1960,,,1211537
Estonia,EE,1961,,,1225077
Estonia,EE,1962,,,1241623
Estonia,EE,1963,,,1258857
Estonia,EE,1964,,,1277086
Estonia,EE,1965,,,1294566
Estonia,EE,1966,,,1308597
Estonia,EE,1967,,,1318946
Estonia,EE,1968,,,1331214
Estonia,EE,1969,,,1345249
Estonia,EE,1970,,,1360076
Estonia,EE,1971,,,1376955
Estonia,EE,1972,,,1392518
Estonia,EE,1973,,,1405951
Estonia,EE,1974,,,1418169
Estonia,EE,1975,,,1429352
Estonia,EE,1976,,,1439576
Estonia,EE,1977,,,1450211
Estonia,EE,1978,,,1460188
Estonia,EE,1979,,,1468333
Estonia,EE,1980,,,1477219
Estonia,EE,1981,,,1487666
Estonia,EE,1982,,,1498414
Estonia,EE,1983,,,1508745
Estonia,EE,1984,,,1518617
Estonia,EE,1985,,,1528781
Estonia,EE,1986,,,1540190
Estonia,EE,1987,,,1552221
Estonia,EE,1988,,,1561900
Estonia,EE,1989,,,1568131
Estonia,EE,1990,,,1569174
Estonia,EE,1991,,,1561314
Estonia,EE,1992,,,1533091
Estonia,EE,1993,,,1494128
Estonia,EE,1994,,,1462514
Estonia,EE,1995,6480.01473141806,7137.53077576403,1436634
Estonia,EE,1996,6891.70965981442,7601.66901867365,1415594
Estonia,EE,1997,7979.35824003525,8692.29643761449,1399535
Estonia,EE,1998,8450.77168168796,9157.06484706853,1386156
Estonia,EE,1999,8412.06677647343,9091.33319428774,1390244
Estonia,EE,2000,9423.12010105601,9960.13903877452,1396985
Estonia,EE,2001,10316.2499165803,10625.5792686752,1388115
Estonia,EE,2002,11663.2715046648,11417.1679687727,1379350
Estonia,EE,2003,13133.2295806355,12362.2482843024,1370720
Estonia,EE,2004,14536.4357518937,13282.545519845,1362550
Estonia,EE,2005,16634.8927393745,14631.3873257137,1354775
Estonia,EE,2006,19344.0518292848,16155.2074300393,1346810
Estonia,EE,2007,22198.0167377302,17459.0983144278,1340680
Estonia,EE,2008,22802.3421764634,16607.5680643985,1337090
Estonia,EE,2009,20478.090033102,14205.3948829766,1334515
Estonia,EE,2010,21618.3569485855,14585.8386603429,1331475
Estonia,EE,2011,24557.2361475947,15692.788829336,1327439
Estonia,EE,2012,25996.0467779508,16257.4722043516,1322696
Estonia,EE,2013,27464.5186781161,16553.383261103,1317997
Estonia,EE,2014,28945.4653303277,17096.6445771582,1314545
Estonia,EE,2015,29175.9259267894,17402.0376128079,1315407
Estonia,EE,2016,31312.7522996878,17945.9449641749,1315790
Estonia,EE,2017,33821.93290847,18962.4103006448,1317384
Estonia,EE,2018,36249.3581462876,19611.6109936281,1321977
Estonia,EE,2019,38961.5974427864,20269.575137379,1326898
Estonia,EE,2020,38536.4580808802,20118.1050729983,1329522
Estonia,EE,2021,42391.7300545337,21707.2407508041,1330932
Estonia,EE,2022,,,
Finland,FI,1960,,11425.2934343628,4429634
Finland,FI,1961,,12207.6935506106,4461005
Finland,FI,1962,,12486.5232001728,4491443
Finland,FI,1963,,12805.86258029,4523309
Finland,FI,1964,,13401.9566364657,4548543
Finland,FI,1965,,14065.6736797713,4563732
Finland,FI,1966,,14345.5590620831,4580869
Finland,FI,1967,,14577.530893058,4605744
Finland,FI,1968,,14846.4872428791,4626469
Finland,FI,1969,,16280.1982852207,4623785
Finland,FI,1970,,17128.6307481716,4606307
Finland,FI,1971,,17510.2265992012,4612124
Finland,FI,1972,,18752.7791597409,4639657
Finland,FI,1973,,19948.8274409539,4666081
Finland,FI,1974,,20486.9386386163,4690574
Finland,FI,1975,,20764.3369697856,4711440
Finland,FI,1976,,20773.1309102233,4725664
Finland,FI,1977,,20764.7166189384,4738902
Finland,FI,1978,,21309.7127150633,4752528
Finland,FI,1979,,22769.1072735656,4764690
Finland,FI,1980,,23921.6145223365,4779535
Finland,FI,1981,,24133.242113004,4799964
Finland,FI,1982,,24744.2967772251,4826933
Finland,FI,1983,,25363.8552151954,4855787
Finland,FI,1984,,26045.5138711526,4881803
Finland,FI,1985,,26857.5936382327,4902206
Finland,FI,1986,,27508.199993585,4918154
Finland,FI,1987,,28410.8750981037,4932123
Finland,FI,1988,,29806.3433292906,4946481
Finland,FI,1989,,31209.7581140566,4964371
Finland,FI,1990,18146.704478311,31279.9519664591,4986431
Finland,FI,1991,17559.9234000589,29278.3636555028,5013740
Finland,FI,1992,17271.0487285391,28155.0895566487,5041992
Finland,FI,1993,17478.6187855327,27833.7025701733,5066447
Finland,FI,1994,18479.5081130125,28812.303619992,5088333
Finland,FI,1995,19587.6979606332,29912.8979739158,5107790
Finland,FI,1996,20087.8668320343,30908.3003090879,5124573
Finland,FI,1997,21794.4425832015,32768.3781282619,5139835
Finland,FI,1998,23577.4929514716,34464.9908824671,5153498
Finland,FI,1999,24767.280673451,35891.0056383953,5165474
Finland,FI,2000,26789.8786675397,37884.3913209153,5176209
Finland,FI,2001,27801.0248047506,38784.7725522584,5188008
Finland,FI,2002,28605.1223159604,39351.3903956183,5200598
Finland,FI,2003,29052.9651740448,40044.3048555829,5213014
Finland,FI,2004,31201.9273082682,41522.1750841224,5228172
Finland,FI,2005,32051.7940038456,42530.6196771877,5246096
Finland,FI,2006,34452.8997434792,44074.0309204141,5266268
Finland,FI,2007,37843.1170548407,46212.6409741216,5288720
Finland,FI,2008,40083.6972699668,46358.6204112971,5313399
Finland,FI,2009,37972.6512550085,42412.0978494183,5338871
Finland,FI,2010,38954.4822621329,43563.5721974365,5363352
Finland,FI,2011,40916.8385790274,44466.8176978572,5388272
Finland,FI,2012,40873.0953326066,43637.2486713657,5413971
Finland,FI,2013,41493.1416470359,43044.9971201474,5438972
Finland,FI,2014,41757.4021894413,42710.9212889729,5461512
Finland,FI,2015,42497.7049785783,42801.9081167285,5479531
Finland,FI,2016,44934.4482077785,43878.9667273579,5495303
Finland,FI,2017,47570.133583848,45173.6294067199,5508214
Finland,FI,2018,49580.6051952837,45627.9198947233,5515525
Finland,FI,2019,51810.2613120667,46135.8814242631,5521606
Finland,FI,2020,52295.8407042436,45053.758678116,5529543
Finland,FI,2021,55217.2845565761,46297.2418204236,5541017
Finland,FI,2022,,,
France,FR,1960,,11169.6472407002,46649927
France,FR,1961,,11598.6795279916,47161641
France,FR,1962,,12257.7593043478,47679792
France,FR,1963,,12884.0170413058,48189939
France,FR,1964,,13587.6716700526,48733997
France,FR,1965,,14089.584548366,49282756
France,FR,1966,,14670.5005053054,49817041
France,FR,1967,,15234.3646960717,50334012
France,FR,1968,,15767.2833368207,50817020
France,FR,1969,,16738.1676626458,51272683
France,FR,1970,,17605.6389691523,51724116
France,FR,1971,,18377.8474151104,52185222
France,FR,1972,,19041.7683954921,52637888
France,FR,1973,,20091.194013856,53053660
France,FR,1974,,20813.444898838,53415250
France,FR,1975,,20498.348081584,53715733
France,FR,1976,,21291.988987842,53966558
France,FR,1977,,21925.8324016685,54221988
France,FR,1978,,22687.6115069004,54486195
France,FR,1979,,23378.2949932212,54753575
France,FR,1980,,23618.3996174718,55052582
France,FR,1981,,23733.5935655434,55371044
France,FR,1982,,24187.0947668643,55694106
France,FR,1983,,24356.6592918128,55992656
France,FR,1984,,24600.9923558634,56275701
France,FR,1985,,24870.505820141,56569195
France,FR,1986,,25319.3150945387,56865193
France,FR,1987,,25830.2389767847,57168409
France,FR,1988,,26912.1812064054,57472651
France,FR,1989,,27938.4697567247,57766282
France,FR,1990,17710.1979245027,28617.4435701151,58044701
France,FR,1991,18338.9942142616,28664.1318783352,58557577
France,FR,1992,18962.2241945947,28977.8889025406,58849943
France,FR,1993,19206.0409229248,28670.8863286782,59106166
France,FR,1994,20003.8480154201,29237.5165854431,59327585
France,FR,1995,20777.8991586513,29745.1287289494,59543659
France,FR,1996,21357.5288544804,30057.9655533345,59756533
France,FR,1997,22241.7956741009,30650.7444765253,59969944
France,FR,1998,23357.4582940448,31633.1477495769,60192790
France,FR,1999,24304.4045284907,32546.9340522187,60504420
France,FR,2000,26091.8497351531,33592.4668300573,60921384
France,FR,2001,27490.8672643761,34009.8623977368,61367388
France,FR,2002,28518.8252206252,34146.3062683243,61816234
France,FR,2003,28168.6180973501,34183.6633444538,62256970
France,FR,2004,29055.3527505428,34893.5298119974,62716306
France,FR,2005,30494.2141075076,35208.855797143,63188395
France,FR,2006,32462.9600728714,35821.8719947773,63628261
France,FR,2007,34122.7072748669,36464.9592682158,64021737
France,FR,2008,35092.6943078696,36354.6586641081,64379696
France,FR,2009,34676.3639942676,35129.3622360858,64710879
France,FR,2010,35899.4019413514,35638.1215603451,65030575
France,FR,2011,37439.2331426991,36244.1871625918,65345233
France,FR,2012,37677.7267932587,36182.1511275816,65662240
France,FR,2013,39521.6969847538,36203.1908693774,66002289
France,FR,2014,40144.0268283679,36378.6186614699,66312067
France,FR,2015,40849.9973780501,36652.9223052178,66548272
France,FR,2016,42924.613626021,36956.7958003293,66724104
France,FR,2017,44577.0645745394,37694.0833027304,66918020
France,FR,2018,46537.4740442591,38259.6977698474,67158348
France,FR,2019,50500.96075877,38832.0242014303,67388001
France,FR,2020,47976.438338985,35712.0751986828,67571107
France,FR,2021,51009.3518498998,38045.9021613006,67749632
France,FR,2022,,,
Germany,DE,1960,,,72814900
Germany,DE,1961,,,73377632
Germany,DE,1962,,,74025784
Germany,DE,1963,,,74714353
Germany,DE,1964,,,75318337
Germany,DE,1965,,,75963695
Germany,DE,1966,,,76600311
Germany,DE,1967,,,76951336
Germany,DE,1968,,,77294314
Germany,DE,1969,,,77909682
Germany,DE,1970,,17894.2966855025,78169289
Germany,DE,1971,,18421.0421814761,78312842
Germany,DE,1972,,19121.4978922895,78688452
Germany,DE,1973,,19972.0254072346,78936666
Germany,DE,1974,,20141.9394753194,78967433
Germany,DE,1975,,20041.9479922639,78673554
Germany,DE,1976,,21124.2556950912,78336950
Germany,DE,1977,,21880.8076281356,78159814
Germany,DE,1978,,22558.714790358,78091820
Germany,DE,1979,,23484.5991918307,78126350
Germany,DE,1980,,23766.107651563,78288576
Germany,DE,1981,,23855.5258569738,78407907
Germany,DE,1982,,23783.9454870064,78333366
Germany,DE,1983,,24221.3403747435,78128282
Germany,DE,1984,,24991.3336835112,77858685
Germany,DE,1985,,25630.3329976336,77684873
Germany,DE,1986,,26204.5895785314,77720436
Germany,DE,1987,,26531.229705288,77839920
Germany,DE,1988,,27407.5200661963,78144619
Germany,DE,1989,,28256.1062209731,78751283
Germany,DE,1990,19463.6286495222,29485.7099744881,79433029
Germany,DE,1991,20996.1876967554,30766.9289577727,80013896
Germany,DE,1992,21721.8541124014,31121.0705650076,80624598
Germany,DE,1993,21875.2383069903,30615.1402117435,81156363
Germany,DE,1994,22797.5525688618,31238.8790596628,81438348
Germany,DE,1995,23565.6527215622,31628.1598130943,81678051
Germany,DE,1996,24078.5450544035,31790.8668596056,81914831
Germany,DE,1997,24572.63790717,32313.2970704344,82034771
Germany,DE,1998,25345.6662449394,32959.0735691418,82047195
Germany,DE,1999,26291.2110793898,33559.3993737499,82100243
Germany,DE,2000,27204.2933736075,34490.0757688619,82211508
Germany,DE,2001,28373.9741929629,35011.068457503,82349925
Germany,DE,2002,29178.6374658122,34883.0580735445,82488495
Germany,DE,2003,29909.6751784674,34619.6640670185,82534176
Germany,DE,2004,31334.0153417535,35034.0806086181,82516260
Germany,DE,2005,31794.0960095207,35310.4704669272,82469422
Germany,DE,2006,34158.1283737265,36699.446781036,82376451
Germany,DE,2007,36292.07670786,37842.3577913563,82266372
Germany,DE,2008,37802.3874303197,38278.3130082531,82110097
Germany,DE,2009,36816.2071751134,36190.3928860698,81902307
Germany,DE,2010,38950.7108756447,37760.9136283996,81776930
Germany,DE,2011,42541.5310884096,39977.3417095357,80274983
Germany,DE,2012,43359.6148271723,40069.3539560742,80425823
Germany,DE,2013,44993.8927459315,40135.0158319837,80645605
Germany,DE,2014,47011.5510935131,40851.1617304855,80982500
Germany,DE,2015,47609.7810045816,41103.2564363768,81686611
Germany,DE,2016,50579.6839299266,41682.0322433511,82348669
Germany,DE,2017,53071.4555699913,42639.5544087286,82657002
Germany,DE,2018,55235.366304833,42928.7412368012,82905782
Germany,DE,2019,57399.0111747636,43284.6024553493,83092962
Germany,DE,2020,55854.3636624147,41650.4227126493,83160871
Germany,DE,2021,58290.7369170391,42726.485322007,83196078
Germany,DE,2022,,,
Greece,GR,1960,,5030.74356154496,8331725
Greece,GR,1961,,5650.01778015424,8398050
Greece,GR,1962,,5636.94576745113,8448233
Greece,GR,1963,,6281.29445901076,8479625
Greece,GR,1964,,6847.4691017883,8510429
Greece,GR,1965,,7549.40736621994,8550333
Greece,GR,1966,,7980.60482744045,8613651
Greece,GR,1967,,8364.66312395018,8684088
Greece,GR,1968,,8909.08449498237,8740765
Greece,GR,1969,,9903.04739387073,8772764
Greece,GR,1970,,10726.7618683719,8792806
Greece,GR,1971,,11517.7883984607,8831036
Greece,GR,1972,,12605.803850874,8888628
Greece,GR,1973,,13564.1737836453,8929086
Greece,GR,1974,,12644.2398272488,8962022
Greece,GR,1975,,13323.622021873,9046541
Greece,GR,1976,,14017.1274629942,9188150
Greece,GR,1977,,14242.8455926406,9308479
Greece,GR,1978,,15078.2272597164,9429959
Greece,GR,1979,,15380.1623472816,9548258
Greece,GR,1980,,15332.9607011716,9642505
Greece,GR,1981,,14959.9924488746,9729350
Greece,GR,1982,,14699.6508220897,9789513
Greece,GR,1983,,14456.7534308793,9846627
Greece,GR,1984,,14674.1355077884,9895801
Greece,GR,1985,,14984.0966193152,9934300
Greece,GR,1986,,15011.9277135902,9967213
Greece,GR,1987,,14623.850847543,10000595
Greece,GR,1988,,15195.6108487446,10036983
Greece,GR,1989,,15690.946756009,10089498
Greece,GR,1990,13312.0492996808,15525.8414521802,10196792
Greece,GR,1991,14019.5742372841,15816.1488966121,10319927
Greece,GR,1992,14329.548186315,15805.6629238098,10399061
Greece,GR,1993,14349.8574380037,15461.5498278134,10460415
Greece,GR,1994,14874.7298912448,15692.0133830122,10512922
Greece,GR,1995,15433.2526765422,15946.8242449648,10562153
Greece,GR,1996,16149.9044963655,16331.1176711674,10608800
Greece,GR,1997,17155.8804839762,16979.476405287,10661259
Greece,GR,1998,18034.2134809379,17543.3138315666,10720509
Greece,GR,1999,18464.7320754725,18013.1412714363,10761698
Greece,GR,2000,19519.9568147057,18642.8020738579,10805808
Greece,GR,2001,20958.7940054903,19312.3868295662,10862132
Greece,GR,2002,22615.9356074635,19996.5518133575,10902022
Greece,GR,2003,23897.8266122085,21104.832913793,10928070
Greece,GR,2004,25460.5993744257,22118.1557970506,10955141
Greece,GR,2005,25577.5241052346,22185.5206802753,10987314
Greece,GR,2006,28547.2965623332,23369.2517158341,11020362
Greece,GR,2007,29323.9797257377,24072.8961576219,11048473
Greece,GR,2008,30856.0118395987,23928.6057241782,11077841
Greece,GR,2009,30359.4511457499,22839.3475325728,11107017
Greece,GR,2010,27911.6974278536,21560.3533533658,11121341
Greece,GR,2011,25671.5160853562,19400.8077326583,11104899
Greece,GR,2012,24911.119631324,18123.6710971914,11045011
Greece,GR,2013,25986.6503155014,17796.2576680722,10965211
Greece,GR,2014,26625.0618096799,18000.4184639065,10892413
Greece,GR,2015,26760.3633030256,18083.8779056547,10820883
Greece,GR,2016,27511.8010160972,18070.7807322854,10775971
Greece,GR,2017,28604.8609402657,18304.3076770645,10754679
Greece,GR,2018,29617.5483399732,18647.4957207515,10732882
Greece,GR,2019,31138.7758157396,19018.9021220823,10721582
Greece,GR,2020,28402.867450271,17343.6099878902,10698599
Greece,GR,2021,31493.8514986709,18907.8491448015,10641221
Greece,GR,2022,,,
Hungary,HU,1960,,,9983967
Hungary,HU,1961,,,10029321
Hungary,HU,1962,,,10061734
Hungary,HU,1963,,,10087947
Hungary,HU,1964,,,10119835
Hungary,HU,1965,,,10147935
Hungary,HU,1966,,,10178653
Hungary,HU,1967,,,10216604
Hungary,HU,1968,,,10255815
Hungary,HU,1969,,,10298723
Hungary,HU,1970,,,10337910
Hungary,HU,1971,,,10367537
Hungary,HU,1972,,,10398489
Hungary,HU,1973,,,10432055
Hungary,HU,1974,,,10478720
Hungary,HU,1975,,,10540525
Hungary,HU,1976,,,10598677
Hungary,HU,1977,,,10648031
Hungary,HU,1978,,,10684822
Hungary,HU,1979,,,10704152
Hungary,HU,1980,,,10711122
Hungary,HU,1981,,,10711848
Hungary,HU,1982,,,10705535
Hungary,HU,1983,,,10689463
Hungary,HU,1984,,,10668095
Hungary,HU,1985,,,10648713
Hungary,HU,1986,,,10630564
Hungary,HU,1987,,,10612741
Hungary,HU,1988,,,10596487
Hungary,HU,1989,,,10481719
Hungary,HU,1990,,,10373988
Hungary,HU,1991,8325.56597257444,7589.9019679997,10373400
Hungary,HU,1992,8257.6058918611,7360.21365612239,10369341
Hungary,HU,1993,8414.22812752704,7326.16050730217,10357523
Hungary,HU,1994,8859.30215826698,7552.40467422539,10343355
Hungary,HU,1995,9192.59042996448,7675.57817108924,10328965
Hungary,HU,1996,9352.28465705861,7695.11053742504,10311238
Hungary,HU,1997,9824.81831785149,7952.98313173573,10290486
Hungary,HU,1998,10398.3435740967,8282.39885965651,10266570
Hungary,HU,1999,10873.2478627727,8560.96909441129,10237530
Hungary,HU,2000,11855.4647144563,8967.69626924063,10210971
Hungary,HU,2001,13210.4577072776,9354.48075090137,10187576
Hungary,HU,2002,14526.3882629125,9825.94319858403,10158608
Hungary,HU,2003,15482.1014970597,10255.6101131603,10129552
Hungary,HU,2004,16272.0986060636,10792.7374278506,10107146
Hungary,HU,2005,17112.2021738707,11278.6160255559,10087065
Hungary,HU,2006,18388.2215991563,11741.9476769178,10071370
Hungary,HU,2007,19102.269369657,11792.7712897392,10055780
Hungary,HU,2008,20727.8899694383,11932.0383995535,10038188
Hungary,HU,2009,20729.997574351,11162.0559722742,10022650
Hungary,HU,2010,21750.7217894703,11307.7161991209,10000023
Hungary,HU,2011,23038.8080197669,11551.4989289342,9971727
Hungary,HU,2012,23275.2318574574,11466.1419094704,9920362
Hungary,HU,2013,24556.7153473909,11705.0092523564,9893082
Hungary,HU,2014,25699.7504973846,12233.299367172,9866468
Hungary,HU,2015,26806.5952452257,12717.038597002,9843028
Hungary,HU,2016,27947.6376911698,13035.3528590909,9814023
Hungary,HU,2017,29501.1204204706,13628.4044885706,9787966
Hungary,HU,2018,31913.0746552476,14377.421963001,9775564
Hungary,HU,2019,34541.225767927,15082.6714945249,9771141
Hungary,HU,2020,34064.7440502605,14427.8188846629,9750149
Hungary,HU,2021,36774.3376019972,15518.7686622368,9709891
Hungary,HU,2022,,,
Ireland,IE,1960,,,2828600
Ireland,IE,1961,,,2824400
Ireland,IE,1962,,,2836050
Ireland,IE,1963,,,2852650
Ireland,IE,1964,,,2866550
Ireland,IE,1965,,,2877300
Ireland,IE,1966,,,2888800
Ireland,IE,1967,,,2902450
Ireland,IE,1968,,,2915550
Ireland,IE,1969,,,2932650
Ireland,IE,1970,,12150.9495894984,2957250
Ireland,IE,1971,,12426.3445028561,2992050
Ireland,IE,1972,,13037.578590583,3036850
Ireland,IE,1973,,13435.905745907,3085950
Ireland,IE,1974,,13778.1457289524,3137500
Ireland,IE,1975,,14319.9635783551,3189550
Ireland,IE,1976,,14302.2213089581,3238050
Ireland,IE,1977,,15268.4384965856,3282200
Ireland,IE,1978,,16135.1809467811,3329100
Ireland,IE,1979,,16410.9172264474,3373750
Ireland,IE,1980,,16722.7039074546,3412800
Ireland,IE,1981,,17077.6095597587,3453000
Ireland,IE,1982,,17303.2084282793,3485800
Ireland,IE,1983,,17138.9995303703,3510600
Ireland,IE,1984,,17774.8018586909,3532423
Ireland,IE,1985,,18293.9564825852,3538082
Ireland,IE,1986,,18207.3228464281,3539690
Ireland,IE,1987,,19054.3713554512,3540057
Ireland,IE,1988,,20134.4451552417,3524949
Ireland,IE,1989,,21389.6346044951,3511009
Ireland,IE,1990,13743.5421194193,23181.0178451808,3513974
Ireland,IE,1991,14399.4541916286,23492.87181484,3534235
Ireland,IE,1992,15116.509870204,24113.2263065919,3558430
Ireland,IE,1993,15812.2633307251,24639.0371400531,3576261
Ireland,IE,1994,17012.295664786,25954.7053539342,3590386
Ireland,IE,1995,18945.0614106678,28309.7756886634,3608841
Ireland,IE,1996,20481.1170724657,30159.3419045447,3637510
Ireland,IE,1997,22636.2159238522,33149.3348804669,3674171
Ireland,IE,1998,25093.0949042795,35681.1168207044,3712696
Ireland,IE,1999,27041.3474221597,38996.2066089031,3754786
Ireland,IE,2000,30211.4822185044,42098.2793673021,3805174
Ireland,IE,2001,32573.5306026629,43631.696306926,3866243
Ireland,IE,2002,35222.028724352,45433.5788879325,3931947
Ireland,IE,2003,36284.9279769182,46046.6534802097,3996521
Ireland,IE,2004,38733.5841697431,48281.5083780917,4070262
Ireland,IE,2005,40466.2343515711,49952.502935396,4159914
Ireland,IE,2006,44229.5245813434,51049.0549651385,4273591
Ireland,IE,2007,46779.3963473064,52227.8955546037,4398942
Ireland,IE,2008,44169.0943411644,48879.2278726624,4489544
Ireland,IE,2009,41471.4941024978,45919.6827420934,4535375
Ireland,IE,2010,43200.9333378007,46438.769693914,4560155
Ireland,IE,2011,45080.1886960425,46622.2394918802,4580084
Ireland,IE,2012,46361.463694173,46422.5257382515,4599533
Ireland,IE,2013,47830.6308878373,46698.5566546237,4623816
Ireland,IE,2014,51098.2666828245,50368.1377394965,4657740
Ireland,IE,2015,69028.7727189836,62053.9844381587,4701957
Ireland,IE,2016,71498.6010072841,62588.6682836096,4755335
Ireland,IE,2017,77749.2019569363,67486.2717956178,4807388
Ireland,IE,2018,84555.6348017403,72339.4218486536,4867316
Ireland,IE,2019,89671.3107203877,75239.3028933993,4934340
Ireland,IE,2020,93950.6949078218,79074.5401350894,4985382
Ireland,IE,2021,105381.844571809,88966.6721604807,5033165
Ireland,IE,2022,,,
Italy,IT,1960,,9687.64700624044,50199700
Italy,IT,1961,,10412.904836785,50536350
Italy,IT,1962,,10984.3106748981,50879450
Italy,IT,1963,,11516.1767633618,51252000
Italy,IT,1964,,11741.379366874,51675350
Italy,IT,1965,,12023.412717543,52112350
Italy,IT,1966,,12644.3213821948,52519000
Italy,IT,1967,,13454.2758451242,52900500
Italy,IT,1968,,14244.5254640873,53235750
Italy,IT,1969,,15027.8574890736,53537950
Italy,IT,1970,,15736.1836330101,53821850
Italy,IT,1971,,15947.7220644908,54073490
Italy,IT,1972,,16442.6579886459,54381345
Italy,IT,1973,,17495.2850451837,54751406
Italy,IT,1974,,18337.1605795574,55110868
Italy,IT,1975,,17846.9745510807,55441001
Italy,IT,1976,,19023.5041749574,55718260
Italy,IT,1977,,19427.9110592648,55955411
Italy,IT,1978,,19986.0625779522,56155143
Italy,IT,1979,,21115.9194623778,56317749
Italy,IT,1980,,21795.2545189366,56433883
Italy,IT,1981,,21952.8848612744,56501675
Italy,IT,1982,,22027.3545327407,56543548
Italy,IT,1983,,22276.812376138,56564074
Italy,IT,1984,,22990.2903298322,56576718
Italy,IT,1985,,23626.749268459,56593071
Italy,IT,1986,,24301.1433759903,56596155
Italy,IT,1987,,25074.2673152936,56601931
Italy,IT,1988,,26113.3555152329,56629288
Italy,IT,1989,,26977.9326628205,56671781
Italy,IT,1990,18638.2317133348,27490.6320397627,56719240
Italy,IT,1991,19551.432039789,27894.2427947176,56758521
Italy,IT,1992,20150.1358420921,28107.8590258445,56797087
Italy,IT,1993,20439.3522042156,27851.1213575016,56831821
Italy,IT,1994,21320.5043684807,28444.4102547741,56843400
Italy,IT,1995,22395.6136829565,29265.0890480926,56844303
Italy,IT,1996,23058.9768430543,29627.4869484224,56860281
Italy,IT,1997,23875.7791337296,30153.7751753268,56890372
Italy,IT,1998,25021.6596828105,30690.911722108,56906744
Italy,IT,1999,25602.3894720393,31184.6163874566,56916317
Italy,IT,2000,27077.6327318395,32350.9043668747,56942108
Italy,IT,2001,28039.0928933431,32963.6706090266,56974100
Italy,IT,2002,28736.5771073504,32998.2031900081,57059007
Italy,IT,2003,29198.3992679196,32897.3907788976,57313203
Italy,IT,2004,29554.8625599073,33150.4762169416,57685327
Italy,IT,2005,30130.6444569128,33257.7698032684,57969484
Italy,IT,2006,32451.493477489,33751.7000191328,58143979
Italy,IT,2007,34145.5460579613,34081.0903298709,58438310
Italy,IT,2008,35523.2713104342,33530.3601449597,58826731
Italy,IT,2009,34603.2558565479,31615.2708145085,59095365
Italy,IT,2010,35156.6683877865,32058.1739940798,59277417
Italy,IT,2011,36598.0149693024,32229.4567910904,59379449
Italy,IT,2012,36486.2967870302,31184.5584255896,59539717
Italy,IT,2013,36314.6971007775,30257.6274259351,60233948
Italy,IT,2014,36194.873918843,29979.9187217358,60789140
Italy,IT,2015,36899.3852092463,30242.3861352184,60730582
Italy,IT,2016,39926.9546628592,30685.645898943,60627498
Italy,IT,2017,41581.120790548,31244.2270989224,60536709
Italy,IT,2018,43036.2437770367,31593.4802621599,60421760
Italy,IT,2019,45799.3975223438,32114.2998563994,59729081
Italy,IT,2020,43038.9701293531,29353.8154433028,59438851
Italy,IT,2021,46385.2603514771,31505.9489224989,59109668
Italy,IT,2022,,,
Latvia,LV,1960,,,2120979
Latvia,LV,1961,,,2152681
Latvia,LV,1962,,,2181586
Latvia,LV,1963,,,2210919
Latvia,LV,1964,,,2240623
Latvia,LV,1965,,,2265919
Latvia,LV,1966,,,2283217
Latvia,LV,1967,,,2301220
Latvia,LV,1968,,,2323619
Latvia,LV,1969,,,2343173
Latvia,LV,1970,,,2359164
Latvia,LV,1971,,,2376389
Latvia,LV,1972,,,2395674
Latvia,LV,1973,,,2415819
Latvia,LV,1974,,,2437186
Latvia,LV,1975,,,2456130
Latvia,LV,1976,,,2470989
Latvia,LV,1977,,,2485073
Latvia,LV,1978,,,2497921
Latvia,LV,1979,,,2505953
Latvia,LV,1980,,,2511701
Latvia,LV,1981,,,2519421
Latvia,LV,1982,,,2531080
Latvia,LV,1983,,,2546011
Latvia,LV,1984,,,2562047
Latvia,LV,1985,,,2578873
Latvia,LV,1986,,,2599892
Latvia,LV,1987,,,2626583
Latvia,LV,1988,,,2653434
Latvia,LV,1989,,,2666955
Latvia,LV,1990,,,2663151
Latvia,LV,1991,,,2650581
Latvia,LV,1992,,,2614338
Latvia,LV,1993,,,2563290
Latvia,LV,1994,,,2520742
Latvia,LV,1995,5517.94457679487,4969.82307985825,2485056
Latvia,LV,1996,5809.0578992111,5156.19509655969,2457222
Latvia,LV,1997,6487.59883610834,5668.0600072591,2432851
Latvia,LV,1998,7068.53539902215,6084.28501085339,2410019
Latvia,LV,1999,7405.82707337883,6303.07485521062,2390482
Latvia,LV,2000,8040.57590284217,6725.33754041856,2367550
Latvia,LV,2001,9045.95411585928,7243.56297995178,2337170
Latvia,LV,2002,10081.1918636281,7847.64536792469,2310173
Latvia,LV,2003,11061.4691389964,8591.26791254397,2287955
Latvia,LV,2004,12278.7385761763,9405.06172211095,2263122
Latvia,LV,2005,13913.8517478568,10526.4522506693,2238799
Latvia,LV,2006,15857.0125274637,11895.2750583575,2218357
Latvia,LV,2007,18238.6077566489,13185.0693240034,2200325
Latvia,LV,2008,19573.1553855671,12891.4423439709,2177322
Latvia,LV,2009,17024.6369731185,11237.1089285212,2141669
Latvia,LV,2010,17706.7854369949,10962.2315251539,2097555
Latvia,LV,2011,19248.5352375063,11450.9767983716,2059709
Latvia,LV,2012,21290.4595879,12410.3652614992,2034319
Latvia,LV,2013,22639.0683375842,12795.8782909892,2012647
Latvia,LV,2014,23815.8000623115,13162.6545599056,1993782
Latvia,LV,2015,24972.7860869932,13786.4567953114,1977527
Latvia,LV,2016,26721.7261996962,14242.5726741319,1959537
Latvia,LV,2017,28673.5633962664,14845.3348946383,1942248
Latvia,LV,2018,30877.0419264807,15558.6917797211,1927174
Latvia,LV,2019,32894.0684035357,16069.8404323203,1913822
Latvia,LV,2020,32106.096649201,15826.4126578529,1900449
Latvia,LV,2021,34266.664667312,16609.7227827866,1884490
Latvia,LV,2022,,,
Lithuania,LT,1960,,,2778550
Lithuania,LT,1961,,,2823550
Lithuania,LT,1962,,,2863350
Lithuania,LT,1963,,,2898950
Lithuania,LT,1964,,,2935200
Lithuania,LT,1965,,,2971450
Lithuania,LT,1966,,,3008050
Lithuania,LT,1967,,,3044400
Lithuania,LT,1968,,,3078850
Lithuania,LT,1969,,,3107321
Lithuania,LT,1970,,,3139689
Lithuania,LT,1971,,,3179041
Lithuania,LT,1972,,,3213622
Lithuania,LT,1973,,,3244438
Lithuania,LT,1974,,,3273894
Lithuania,LT,1975,,,3301652
Lithuania,LT,1976,,,3328664
Lithuania,LT,1977,,,3355036
Lithuania,LT,1978,,,3379514
Lithuania,LT,1979,,,3397842
Lithuania,LT,1980,,,3413202
Lithuania,LT,1981,,,3432947
Lithuania,LT,1982,,,3457179
Lithuania,LT,1983,,,3485192
Lithuania,LT,1984,,,3514205
Lithuania,LT,1985,,,3544543
Lithuania,LT,1986,,,3578914
Lithuania,LT,1987,,,3616367
Lithuania,LT,1988,,,3655049
Lithuania,LT,1989,,,3684255
Lithuania,LT,1990,,,3697838
Lithuania,LT,1991,,,3704134
Lithuania,LT,1992,,,3700114
Lithuania,LT,1993,,,3682613
Lithuania,LT,1994,,,3657144
Lithuania,LT,1995,5930.84800820905,4936.0202154344,3629102
Lithuania,LT,1996,6385.70801734148,5230.26019154918,3601613
Lithuania,LT,1997,7069.68426742818,5706.89526075875,3575137
Lithuania,LT,1998,7762.91570506738,6178.1238213384,3549331
Lithuania,LT,1999,7820.70101296085,6151.08296362442,3524238
Lithuania,LT,2000,8447.02118679234,6423.42067622444,3499536
Lithuania,LT,2001,9437.51483915171,6899.23683441212,3470818
Lithuania,LT,2002,10480.6960970491,7424.39482424481,3443067
Lithuania,LT,2003,12068.2416865717,8275.80344758031,3415213
Lithuania,LT,2004,13030.5177687759,8919.08174949012,3377075
Lithuania,LT,2005,14510.5967849364,9766.48764716509,3322528
Lithuania,LT,2006,16481.4127820948,10659.4002106998,3269909
Lithuania,LT,2007,19096.7122984554,11984.9232941064,3231294
Lithuania,LT,2008,20721.0131961211,12425.3980999207,3198231
Lithuania,LT,2009,18117.6566174638,10699.7894581629,3162916
Lithuania,LT,2010,20096.6468533164,11106.9502145424,3097282
Lithuania,LT,2011,22884.9262304,12046.7213858694,3028115
Lithuania,LT,2012,24703.6858202502,12678.6926859879,2987773
Lithuania,LT,2013,26721.5796712844,13262.3344620771,2957689
Lithuania,LT,2014,28184.4723303858,13850.0001271199,2932367
Lithuania,LT,2015,28834.4276801135,14263.9645773495,2904910
Lithuania,LT,2016,30925.1708493589,14810.2517786273,2868231
Lithuania,LT,2017,33761.871239796,15661.9962536775,2828403
Lithuania,LT,2018,36376.1898152469,16443.5852875776,2801543
Lithuania,LT,2019,39911.4636122491,17249.7184431077,2794137
Lithuania,LT,2020,39916.7792081487,17241.3488235121,2794885
Lithuania,LT,2021,43195.9372635204,18233.7157800947,2800839
Lithuania,LT,2022,,,
Luxembourg,LU,1960,,25520.1824340318,313970
Luxembourg,LU,1961,,26257.1661908152,316845
Luxembourg,LU,1962,,26289.9029024973,320750
Luxembourg,LU,1963,,26912.9549966405,324100
Luxembourg,LU,1964,,28706.589612341,327750
Luxembourg,LU,1965,,28173.2666499077,331500
Luxembourg,LU,1966,,28280.5166959382,333895
Luxembourg,LU,1967,,28248.745242907,334995
Luxembourg,LU,1968,,29355.712798391,335850
Luxembourg,LU,1969,,32125.4867875047,337500
Luxembourg,LU,1970,,35513.8009854427,339171
Luxembourg,LU,1971,,36114.9765484434,342421
Luxembourg,LU,1972,,38033.7401625331,346600
Luxembourg,LU,1973,,40742.7918500131,350450
Luxembourg,LU,1974,,41908.9752721689,355050
Luxembourg,LU,1975,,38729.5604581864,358950
Luxembourg,LU,1976,,39515.0353486263,360731
Luxembourg,LU,1977,,40065.6914169583,361358
Luxembourg,LU,1978,,41623.6010396531,362007
Luxembourg,LU,1979,,42500.2548997291,362856
Luxembourg,LU,1980,,42705.3385418472,364150
Luxembourg,LU,1981,,42345.0451531547,365225
Luxembourg,LU,1982,,42788.9485611364,365525
Luxembourg,LU,1983,,44056.251468465,365622
Luxembourg,LU,1984,,46733.9235529516,365998
Luxembourg,LU,1985,,47945.8483699444,366706
Luxembourg,LU,1986,,52496.6662006102,368355
Luxembourg,LU,1987,,54218.2753941324,370750
Luxembourg,LU,1988,,58381.7542558669,373450
Luxembourg,LU,1989,,63481.5847355331,377100
Luxembourg,LU,1990,29950.3925432358,66027.0758007817,381850
Luxembourg,LU,1991,33192.1136107175,70779.9729147771,387000
Luxembourg,LU,1992,34110.1552561336,71116.9400892209,392175
Luxembourg,LU,1993,35900.3046803618,73116.1946629406,397475
Luxembourg,LU,1994,37553.0245633942,74883.1418537888,402925
Luxembourg,LU,1995,38347.107563208,74896.0965788046,408625
Luxembourg,LU,1996,39721.3533595534,74916.5067672272,414225
Luxembourg,LU,1997,42485.5062840903,77993.0585335828,419450
Luxembourg,LU,1998,44268.5080325438,82170.2399212578,424700
Luxembourg,LU,1999,49844.6769627976,87695.33957586,430475
Luxembourg,LU,2000,55127.9261810566,92527.7118069642,436300
Luxembourg,LU,2001,56136.0063616552,94243.7073233917,441525
Luxembourg,LU,2002,58575.6792717544,96269.5793851216,446175
Luxembourg,LU,2003,60199.5387727809,97597.9969176553,451630
Luxembourg,LU,2004,64692.937124002,100292.568479162,458095
Luxembourg,LU,2005,68787.8547494266,101222.045664401,465158
Luxembourg,LU,2006,78873.3813056378,105614.179863952,472637
Luxembourg,LU,2007,85120.6879194573,112417.878458001,479993
Luxembourg,LU,2008,90970.7211980147,110094.792338745,488650
Luxembourg,LU,2009,86876.7196429289,104574.349887682,497783
Luxembourg,LU,2010,90357.0975187951,106544.057241723,506953
Luxembourg,LU,2011,94475.0302265023,105290.249048827,518347
Luxembourg,LU,2012,96636.426643956,104487.744238704,530946
Luxembourg,LU,2013,100925.011992241,105338.956059283,543360
Luxembourg,LU,2014,105296.284588232,105583.937014123,556319
Luxembourg,LU,2015,107859.685999308,105462.012584423,569604
Luxembourg,LU,2016,113365.176082265,108351.452158933,582014
Luxembourg,LU,2017,114985.842235989,107142.127556443,596336
Luxembourg,LU,2018,116965.586110774,106376.783565763,607950
Luxembourg,LU,2019,120175.325899169,106729.024882424,620001
Luxembourg,LU,2020,118973.056541483,104128.242111037,630419
Luxembourg,LU,2021,133363.666722302,107792.189003826,640064
Luxembourg,LU,2022,,,
Malta,MT,1960,,,326550
Malta,MT,1961,,,325250
Malta,MT,1962,,,323900
Malta,MT,1963,,,322550
Malta,MT,1964,,,321250
Malta,MT,1965,,,318800
Malta,MT,1966,,,315200
Malta,MT,1967,,,311550
Malta,MT,1968,,,307900
Malta,MT,1969,,,304300
Malta,MT,1970,,3135.27155710562,302650
Malta,MT,1971,,3211.6803276961,302700
Malta,MT,1972,,3401.99843957142,302450
Malta,MT,1973,,3545.98104965377,302200
Malta,MT,1974,,3904.5057673287,301996
Malta,MT,1975,,4634.072695004,304222
Malta,MT,1976,,5395.13351900557,305774
Malta,MT,1977,,6028.90437860294,306970
Malta,MT,1978,,6632.40138233093,310182
Malta,MT,1979,,7254.28801951013,313342
Malta,MT,1980,,7684.68855353562,316645
Malta,MT,1981,,7881.02123807915,318982
Malta,MT,1982,,7889.99273559924,325898
Malta,MT,1983,,7731.92344363775,330524
Malta,MT,1984,,7803.15786018051,330593
Malta,MT,1985,,7865.49354458262,336452
Malta,MT,1986,,8035.68675557915,342121
Malta,MT,1987,,8308.58386909803,344485
Malta,MT,1988,,8934.03387058764,347325
Malta,MT,1989,,9571.14765900679,350722
Malta,MT,1990,8847.34608159494,10074.2643900301,354170
Malta,MT,1991,9460.36250890561,10419.915060919,363845
Malta,MT,1992,10025.8818371434,10796.7461341621,367618
Malta,MT,1993,10616.8447360359,11168.4172365217,371308
Malta,MT,1994,11349.6927307063,11689.7136598279,374797
Malta,MT,1995,12237.0250000122,12344.7715588185,377419
Malta,MT,1996,12927.6776093102,12727.2426701278,379905
Malta,MT,1997,14290.0425017896,13295.3116471943,382791
Malta,MT,1998,15049.5357161222,13886.2307277665,385287
Malta,MT,1999,16052.8303695853,14455.7006016678,387578
Malta,MT,2000,19503.0124926725,17189.5641139157,390087
Malta,MT,2001,19721.5955709883,16860.5045795096,393028
Malta,MT,2002,20577.8646366297,17164.5434218266,395969
Malta,MT,2003,21087.7144869397,17746.8134856495,398582
Malta,MT,2004,21610.931486053,17652.6287625179,401268
Malta,MT,2005,22275.6611835594,18133.9086645252,403834
Malta,MT,2006,23317.6143423056,18521.555034809,405308
Malta,MT,2007,25062.0682537931,19338.4620047923,406724
Malta,MT,2008,26523.4699870878,19948.0562567015,409379
Malta,MT,2009,26650.8813100425,19573.8970037959,412477
Malta,MT,2010,28722.4477160431,20557.7649608427,414508
Malta,MT,2011,28973.2895619358,20566.266064771,416268
Malta,MT,2012,30243.9832048619,21221.633414091,420028
Malta,MT,2013,32295.6710008598,22071.0316097563,425967
Malta,MT,2014,34344.0921987878,23286.100386101,434558
Malta,MT,2015,37455.1231541874,24921.5790015791,445053
Malta,MT,2016,39705.641866685,25181.2589891115,455356
Malta,MT,2017,43508.7832565182,27177.8003836611,467999
Malta,MT,2018,45561.4737010673,27864.2011519772,484630
Malta,MT,2019,48741.0812794275,28375.2709332443,504062
Malta,MT,2020,44587.7102956798,25444.3392976941,515332
Malta,MT,2021,48906.663142776,27891.1282698574,518536
Malta,MT,2022,,,
Netherlands,NL,1960,,14276.8700623396,11486631
Netherlands,NL,1961,,14131.9601777754,11638712
Netherlands,NL,1962,,14885.5239013739,11805689
Netherlands,NL,1963,,15218.4581936088,11965966
Netherlands,NL,1964,,16258.8023709137,12127120
Netherlands,NL,1965,,17423.2548724934,12294732
Netherlands,NL,1966,,17668.7259509897,12456251
Netherlands,NL,1967,,18392.0436779347,12598201
Netherlands,NL,1968,,19369.888243145,12729721
Netherlands,NL,1969,,20377.9237628864,12877984
Netherlands,NL,1970,,21362.8476594376,13038526
Netherlands,NL,1971,,22021.6476367213,13194497
Netherlands,NL,1972,,22570.480652863,13328593
Netherlands,NL,1973,,23603.1814835262,13439322
Netherlands,NL,1974,,24224.2438208069,13545056
Netherlands,NL,1975,,24009.7580066512,13666335
Netherlands,NL,1976,,24883.6038328871,13774037
Netherlands,NL,1977,,25359.5365872642,13856185
Netherlands,NL,1978,,25883.5490958627,13941700
Netherlands,NL,1979,,26223.246165217,14038270
Netherlands,NL,1980,,26365.6719647464,14149800
Netherlands,NL,1981,,25980.218223968,14247208
Netherlands,NL,1982,,25540.479624977,14312690
Netherlands,NL,1983,,25970.4838777274,14367070
Netherlands,NL,1984,,26659.5857351025,14424211
Netherlands,NL,1985,,27220.2194444849,14491632
Netherlands,NL,1986,,27823.9996673834,14572278
Netherlands,NL,1987,,28181.9596469492,14665037
Netherlands,NL,1988,,28964.021267438,14760094
Netherlands,NL,1989,,30063.370768457,14848907
Netherlands,NL,1990,19175.7076554304,31106.0519601296,14951510
Netherlands,NL,1991,20148.2954560439,31614.6528926889,15069798
Netherlands,NL,1992,20801.1701364137,31911.8353719116,15184166
Netherlands,NL,1993,21412.2743072428,32088.7065995431,15290368
Netherlands,NL,1994,22381.7200093691,32840.2781037327,15382838
Netherlands,NL,1995,23446.9781345406,33696.7438281983,15459006
Netherlands,NL,1996,24515.5319463912,34715.1616306125,15530498
Netherlands,NL,1997,26016.9959545826,36032.0402458477,15610650
Netherlands,NL,1998,27709.6143890528,37480.7094477732,15707209
Netherlands,NL,1999,29268.5360985179,39106.3881617199,15812088
Netherlands,NL,2000,31876.9544029857,40456.9422374474,15925513
Netherlands,NL,2001,33186.5262652048,41087.042173269,16046180
Netherlands,NL,2002,34447.2053180645,40914.3255026768,16148929
Netherlands,NL,2003,34151.3535442971,40785.1222216206,16225302
Netherlands,NL,2004,35809.9829008965,41450.4042697266,16281779
Netherlands,NL,2005,37625.5617084958,42201.7754133082,16319868
Netherlands,NL,2006,41011.1526382863,43592.3027449221,16346101
Netherlands,NL,2007,43944.713782019,45138.678436798,16381696
Netherlands,NL,2008,46420.2016795592,45939.1481987846,16445593
Netherlands,NL,2009,44557.3938579452,44027.6025577706,16530388
Netherlands,NL,2010,45041.5837145758,44390.5044098134,16615394
Netherlands,NL,2011,46599.02103045,44869.3129413094,16693074
Netherlands,NL,2012,47272.1030187972,44242.9735261304,16754962
Netherlands,NL,2013,49241.5178406305,44055.3042590473,16804432
Netherlands,NL,2014,49233.2153954401,44521.8945390276,16865008
Netherlands,NL,2015,50288.5913949377,45193.4032187971,16939923
Netherlands,NL,2016,52288.4150841353,45938.7850440865,17030314
Netherlands,NL,2017,55088.6338006744,46997.3454541962,17131296
Netherlands,NL,2018,57826.6284976675,47826.8191172843,17231624
Netherlands,NL,2019,60208.4221704236,48443.7320540283,17344874
Netherlands,NL,2020,60090.7016619163,46303.21886247,17441500
Netherlands,NL,2021,63757.8475893265,48301.528960019,17533044
Netherlands,NL,2022,,,
Poland,PL,1960,,,29637450
Poland,PL,1961,,,29964000
Poland,PL,1962,,,30308500
Poland,PL,1963,,,30712000
Poland,PL,1964,,,31139450
Poland,PL,1965,,,31444950
Poland,PL,1966,,,31681000
Poland,PL,1967,,,31987155
Poland,PL,1968,,,32294655
Poland,PL,1969,,,32548300
Poland,PL,1970,,,32664300
Poland,PL,1971,,,32783500
Poland,PL,1972,,,33055650
Poland,PL,1973,,,33357200
Poland,PL,1974,,,33678899
Poland,PL,1975,,,34015199
Poland,PL,1976,,,34356300
Poland,PL,1977,,,34689050
Poland,PL,1978,,,34965600
Poland,PL,1979,,,35247217
Poland,PL,1980,,,35574150
Poland,PL,1981,,,35898587
Poland,PL,1982,,,36230481
Poland,PL,1983,,,36571808
Poland,PL,1984,,,36904134
Poland,PL,1985,,,37201885
Poland,PL,1986,,,37456119
Poland,PL,1987,,,37668045
Poland,PL,1988,,,37824487
Poland,PL,1989,,,37961529
Poland,PL,1990,6185.4024715535,5111.3453296443,38110782
Poland,PL,1991,5924.90329341133,4735.92769826406,38246193
Poland,PL,1992,6193.31664598611,4840.16858550087,38363667
Poland,PL,1993,6560.41530704049,5008.34908919128,38461408
Poland,PL,1994,7040.27598553275,5262.31523543937,38542652
Poland,PL,1995,7685.56807655219,5628.44623895876,38594998
Poland,PL,1996,8278.08069807272,5968.11435672164,38624370
Poland,PL,1997,8936.60806239934,6348.84121749564,38649660
Poland,PL,1998,9487.97212847736,6641.0853123273,38663481
Poland,PL,1999,10040.8983752327,6950.79773500139,38660271
Poland,PL,2000,10674.1823615439,7344.12076059522,38258629
Poland,PL,2001,11121.8516324079,7438.60343541903,38248076
Poland,PL,2002,11804.2662616752,7593.55965522649,38230364
Poland,PL,2003,12289.0826187898,7864.51826399203,38204570
Poland,PL,2004,13353.7550701522,8261.2274414471,38182222
Poland,PL,2005,13896.7933802514,8554.69389731032,38165445
Poland,PL,2006,15151.3617209107,9084.94921446234,38141267
Poland,PL,2007,16804.9640576299,9731.76945440355,38120560
Poland,PL,2008,18303.3529197977,10139.1191437268,38125759
Poland,PL,2009,19240.1343388174,10419.2148703063,38151603
Poland,PL,2010,20889.7553085383,10755.6564372745,38042794
Poland,PL,2011,22658.3773208624,11291.9035865592,38063255
Poland,PL,2012,23589.147574329,11466.4159300003,38063164
Poland,PL,2013,24319.8802935067,11571.6148487478,38040196
Poland,PL,2014,25316.331544595,12024.6095070994,38011735
Poland,PL,2015,26822.6642478408,12560.051419682,37986412
Poland,PL,2016,28165.8365529133,12936.5732568387,37970087
Poland,PL,2017,29958.1207092074,13599.8180191148,37974826
Poland,PL,2018,32027.6027335558,14408.384388723,37974750
Poland,PL,2019,34976.0444451627,15053.2323676784,37965475
Poland,PL,2020,35315.7172595773,14774.989199307,37899070
Poland,PL,2021,38134.8333890044,15850.2855122104,37747124
Poland,PL,2022,,,
Portugal,PT,1960,,3934.94473763665,8857716
Portugal,PT,1961,,4119.44125388993,8929316
Portugal,PT,1962,,4360.34054480817,8993985
Portugal,PT,1963,,4597.86106596883,9030355
Portugal,PT,1964,,4885.31011494773,9035365
Portugal,PT,1965,,5271.6466728634,8998595
Portugal,PT,1966,,5528.15176684244,8930990
Portugal,PT,1967,,5983.05261747177,8874520
Portugal,PT,1968,,6541.99548600688,8836650
Portugal,PT,1969,,6740.95674032344,8757705
Portugal,PT,1970,,7658.74428957813,8680431
Portugal,PT,1971,,8201.29628092282,8643756
Portugal,PT,1972,,8872.3656798488,8630430
Portugal,PT,1973,,9863.07891409919,8633100
Portugal,PT,1974,,9837.61577783563,8754365
Portugal,PT,1975,,9059.00711449848,9093470
Portugal,PT,1976,,9412.55413328769,9355810
Portugal,PT,1977,,9834.92253552141,9455675
Portugal,PT,1978,,10003.3544084642,9558250
Portugal,PT,1979,,10454.7601158669,9661265
Portugal,PT,1980,,10816.951805302,9766312
Portugal,PT,1981,,10897.0840219598,9851362
Portugal,PT,1982,,11061.945286557,9911771
Portugal,PT,1983,,10991.6795212773,9957865
Portugal,PT,1984,,10743.643691008,9996232
Portugal,PT,1985,,11015.093122822,10023613
Portugal,PT,1986,,11460.7944819143,10032734
Portugal,PT,1987,,12195.4386205377,10030031
Portugal,PT,1988,,13122.4021364501,10019610
Portugal,PT,1989,,13987.9651374039,10005000
Portugal,PT,1990,11780.3258610425,14572.2883800743,9983218
Portugal,PT,1991,12740.0134360762,15243.9300420508,9960235
Portugal,PT,1992,13182.5672660439,15421.9948914487,9952494
Portugal,PT,1993,13203.1411483529,15088.4139631035,9964675
Portugal,PT,1994,13578.6010596643,15193.0547380182,9991525
Portugal,PT,1995,14407.0968213967,15788.983105782,10026176
Portugal,PT,1996,14921.6678852733,16280.9371518353,10063945
Portugal,PT,1997,15788.6723531217,16921.7219436809,10108977
Portugal,PT,1998,16687.4508254915,17645.9058269451,10160196
Portugal,PT,1999,17718.1515724418,18231.8397637454,10217828
Portugal,PT,2000,18880.3149315496,18795.0311479834,10289898
Portugal,PT,2001,19528.6408259892,19025.6956905388,10362722
Portugal,PT,2002,20356.647299736,19067.6554332118,10419631
Portugal,PT,2003,20852.1470276899,18819.4437376393,10458821
Portugal,PT,2004,21477.9532429352,19110.3208431632,10483861
Portugal,PT,2005,22725.2774946084,19224.0346513314,10503330
Portugal,PT,2006,24681.1381020272,19501.2330070103,10522288
Portugal,PT,2007,25736.3500215256,19950.8440966199,10542964
Portugal,PT,2008,26665.8372952939,19985.6983319711,10558177
Portugal,PT,2009,26459.1641011665,19343.2800499088,10568247
Portugal,PT,2010,27260.5535055665,19670.3610686333,10573100
Portugal,PT,2011,26769.5118850004,19365.1816488681,10557560
Portugal,PT,2012,26438.0163019973,18654.9575281944,10514844
Portugal,PT,2013,27936.0396644563,18584.5540451703,10457295
Portugal,PT,2014,28742.4403783509,18833.0518281692,10401062
Portugal,PT,2015,29660.8960672526,19250.1065376852,10358076
Portugal,PT,2016,31607.7542431733,19700.9100016775,10325452
Portugal,PT,2017,33044.7167387479,20441.4858041084,10300300
Portugal,PT,2018,34928.5435337746,21057.6174784232,10283822
Portugal,PT,2019,37299.287767416,21617.411624379,10286263
Portugal,PT,2020,34880.5206583501,19802.2290212165,10297081
Portugal,PT,2021,36047.0996725446,20831.0870139963,10325147
Portugal,PT,2022,,,
Romania,RO,1960,,,18406905
Romania,RO,1961,,,18555250
Romania,RO,1962,,,18676550
Romania,RO,1963,,,18797850
Romania,RO,1964,,,18919126
Romania,RO,1965,,,19031576
Romania,RO,1966,,,19215450
Romania,RO,1967,,,19534242
Romania,RO,1968,,,19799831
Romania,RO,1969,,,20009141
Romania,RO,1970,,,20250398
Romania,RO,1971,,,20461567
Romania,RO,1972,,,20657957
Romania,RO,1973,,,20835681
Romania,RO,1974,,,21029429
Romania,RO,1975,,,21293583
Romania,RO,1976,,,21551634
Romania,RO,1977,,,21756096
Romania,RO,1978,,,21951464
Romania,RO,1979,,,22090488
Romania,RO,1980,,,22207282
Romania,RO,1981,,,22353070
Romania,RO,1982,,,22475741
Romania,RO,1983,,,22560478
Romania,RO,1984,,,22640547
Romania,RO,1985,,,22732999
Romania,RO,1986,,,22836841
Romania,RO,1987,,,22949430
Romania,RO,1988,,,23057662
Romania,RO,1989,,,23161458
Romania,RO,1990,5280.6135941316,5017.12005717397,23201835
Romania,RO,1991,4795.43877609632,4407.1164580023,23001155
Romania,RO,1992,4515.32485586599,4057.22492611179,22794284
Romania,RO,1993,4699.41350219239,4124.8636778917,22763280
Romania,RO,1994,4995.747432576,4293.2879625102,22730211
Romania,RO,1995,5429.41738292487,4570.14748089464,22684270
Romania,RO,1996,5745.67282859918,4762.43746643641,22619004
Romania,RO,1997,5564.16397285243,4544.56879046598,22553978
Romania,RO,1998,5544.55477894868,4461.54751826786,22507344
Romania,RO,1999,5596.44706338077,4451.72539664913,22472040
Romania,RO,2000,5848.87795557302,4567.20205083445,22442971
Romania,RO,2001,6519.70719593917,4873.05266786281,22131970
Romania,RO,2002,7162.36577844649,5246.12721757718,21730496
Romania,RO,2003,7560.29498424285,5407.81096158894,21574326
Romania,RO,2004,8990.39909723638,6005.86689834886,21451748
Romania,RO,2005,9602.10475909396,6325.16917909248,21319685
Romania,RO,2006,11554.9708860107,6873.6040957606,21193760
Romania,RO,2007,13701.6433401902,7480.51915863672,20882982
Romania,RO,2008,16782.1930106288,8314.16384059176,20537875
Romania,RO,2009,16632.7826576202,7921.15476241519,20367487
Romania,RO,2010,17355.8514091917,7657.47929439108,20246871
Romania,RO,2011,18802.9523154973,8042.83716012627,20147528
Romania,RO,2012,19809.1875091607,8234.23676535452,20058035
Romania,RO,2013,19677.1076626252,8287.18138452781,19983693
Romania,RO,2014,20632.221267435,8661.05068227593,19908979
Romania,RO,2015,21624.5233762245,8976.88053477541,19815616
Romania,RO,2016,23904.7038569418,9286.51964587238,19702267
Romania,RO,2017,26943.3477378323,10105.9343511933,19588715
Romania,RO,2018,29568.1868109284,10778.3595556176,19473970
Romania,RO,2019,33066.7408748227,11252.7929110931,19371648
Romania,RO,2020,33336.0897684039,10898.8316332686,19265250
Romania,RO,2021,36109.7506947062,11541.7769263214,19119880
Romania,RO,2022,,,
Slovak Republic,SK,1960,,,4068095
Slovak Republic,SK,1961,,,4191667
Slovak Republic,SK,1962,,,4238188
Slovak Republic,SK,1963,,,4282017
Slovak Republic,SK,1964,,,4327341
Slovak Republic,SK,1965,,,4370983
Slovak Republic,SK,1966,,,4411666
Slovak Republic,SK,1967,,,4449367
Slovak Republic,SK,1968,,,4483915
Slovak Republic,SK,1969,,,4518607
Slovak Republic,SK,1970,,,4538223
Slovak Republic,SK,1971,,,4557449
Slovak Republic,SK,1972,,,4596622
Slovak Republic,SK,1973,,,4641445
Slovak Republic,SK,1974,,,4689623
Slovak Republic,SK,1975,,,4739105
Slovak Republic,SK,1976,,,4789507
Slovak Republic,SK,1977,,,4840501
Slovak Republic,SK,1978,,,4890125
Slovak Republic,SK,1979,,,4938973
Slovak Republic,SK,1980,,,4979815
Slovak Republic,SK,1981,,,5016105
Slovak Republic,SK,1982,,,5055099
Slovak Republic,SK,1983,,,5091971
Slovak Republic,SK,1984,,,5127097
Slovak Republic,SK,1985,,,5161768
Slovak Republic,SK,1986,,,5193838
Slovak Republic,SK,1987,,,5222840
Slovak Republic,SK,1988,,,5250596
Slovak Republic,SK,1989,,,5275942
Slovak Republic,SK,1990,,,5299187
Slovak Republic,SK,1991,,,5303294
Slovak Republic,SK,1992,7176.36622367889,6654.90412722313,5305016
Slovak Republic,SK,1993,7471.30236776253,6755.5989457269,5325305
Slovak Republic,SK,1994,8072.50276378432,7146.60268298447,5346331
Slovak Republic,SK,1995,8697.90009591309,7542.11102831392,5361999
Slovak Republic,SK,1996,9407.48939933374,8024.38753090397,5373361
Slovak Republic,SK,1997,10086.1123684881,8484.2207773607,5383291
Slovak Republic,SK,1998,10623.2577145361,8818.21082633927,5390516
Slovak Republic,SK,1999,10714.1771288139,8799.88587594508,5396020
Slovak Republic,SK,2000,11378.7591845369,8914.59898415289,5388720
Slovak Republic,SK,2001,12388.3660821732,9221.521860824,5378867
Slovak Republic,SK,2002,13312.203306834,9640.86530132502,5376912
Slovak Republic,SK,2003,14181.8252695195,10177.7214189548,5373374
Slovak Republic,SK,2004,15226.4193502047,10717.1731711207,5372280
Slovak Republic,SK,2005,16639.3941239799,11425.9001472696,5372807
Slovak Republic,SK,2006,18912.8002905298,12395.7521809663,5373054
Slovak Republic,SK,2007,21225.0633546282,13734.4555495321,5374622
Slovak Republic,SK,2008,23725.8577558996,14487.7065317766,5379233
Slovak Republic,SK,2009,23080.8103763845,13679.0844080915,5386406
Slovak Republic,SK,2010,25300.9729232448,14584.2606782101,5391428
Slovak Republic,SK,2011,26145.8893829396,14954.577975505,5398384
Slovak Republic,SK,2012,26888.3480996682,15126.0352987762,5407579
Slovak Republic,SK,2013,27915.4332088556,15205.3955780546,5413393
Slovak Republic,SK,2014,28929.526363289,15600.3671671802,5418649
Slovak Republic,SK,2015,29964.8886109408,16390.8821748507,5423801
Slovak Republic,SK,2016,29645.7418912454,16687.9844571492,5430798
Slovak Republic,SK,2017,30061.5514717196,17151.652477668,5439232
Slovak Republic,SK,2018,31214.5925736482,17818.2341072167,5446771
Slovak Republic,SK,2019,33318.5819083907,18242.4950003779,5454147
Slovak Republic,SK,2020,32441.995225168,17611.7568566409,5458827
Slovak Republic,SK,2021,33426.9799832095,18181.1969542578,5447247
Slovak Republic,SK,2022,,,
Slovenia,SI,1960,,,1584720
Slovenia,SI,1961,,,1594131
Slovenia,SI,1962,,,1603649
Slovenia,SI,1963,,,1616971
Slovenia,SI,1964,,,1632114
Slovenia,SI,1965,,,1649160
Slovenia,SI,1966,,,1669905
Slovenia,SI,1967,,,1689528
Slovenia,SI,1968,,,1704546
Slovenia,SI,1969,,,1713874
Slovenia,SI,1970,,,1724891
Slovenia,SI,1971,,,1738335
Slovenia,SI,1972,,,1752233
Slovenia,SI,1973,,,1766697
Slovenia,SI,1974,,,1776132
Slovenia,SI,1975,,,1793581
Slovenia,SI,1976,,,1820249
Slovenia,SI,1977,,,1842377
Slovenia,SI,1978,,,1862548
Slovenia,SI,1979,,,1882599
Slovenia,SI,1980,,,1901315
Slovenia,SI,1981,,,1906531
Slovenia,SI,1982,,,1910334
Slovenia,SI,1983,,,1922321
Slovenia,SI,1984,,,1932154
Slovenia,SI,1985,,,1941641
Slovenia,SI,1986,,,1965964
Slovenia,SI,1987,,,1989776
Slovenia,SI,1988,,,1995196
Slovenia,SI,1989,,,1996351
Slovenia,SI,1990,,,1998161
Slovenia,SI,1991,,,1999429
Slovenia,SI,1992,,,1996498
Slovenia,SI,1993,,,1991746
Slovenia,SI,1994,,,1989443
Slovenia,SI,1995,13628.2263479091,13276.0730865709,1989872
Slovenia,SI,1996,14308.3095039721,13709.8774257127,1988628
Slovenia,SI,1997,15282.7441550593,14421.5753234248,1985956
Slovenia,SI,1998,16056.4167826497,14927.0344967417,1981629
Slovenia,SI,1999,17083.2517215913,15711.81638306,1983045
Slovenia,SI,2000,18004.6825336648,16240.6568860495,1988925
Slovenia,SI,2001,18951.8233390448,16736.6666048821,1992060
Slovenia,SI,2002,20241.5256786998,17301.9338072883,1994530
Slovenia,SI,2003,21113.4519261527,17803.3779818988,1995733
Slovenia,SI,2004,22761.0593111737,18567.5622059245,1997012
Slovenia,SI,2005,23852.6430383942,19239.3999078218,2000474
Slovenia,SI,2006,25718.7621989345,20280.1519045957,2006868
Slovenia,SI,2007,27573.6445803125,21574.7534360106,2018122
Slovenia,SI,2008,29604.2914690241,22296.7049968231,2021316
Slovenia,SI,2009,27538.0144407242,20428.1698595221,2039669
Slovenia,SI,2010,27825.476489785,20612.5895305308,2048583
Slovenia,SI,2011,28931.383323805,20746.988405299,2052843
Slovenia,SI,2012,29042.8202729641,20157.0052544663,2057159
Slovenia,SI,2013,29973.6993541529,19922.474290455,2059953
Slovenia,SI,2014,30870.0236667425,20453.8333877187,2061980
Slovenia,SI,2015,31628.247175832,20890.1664304173,2063531
Slovenia,SI,2016,33936.0440637175,21541.176421949,2065042
Slovenia,SI,2017,36507.5530416531,22563.7589398118,2066388
Slovenia,SI,2018,38961.5443523867,23483.529124564,2073894
Slovenia,SI,2019,41970.4314322684,24125.3920363107,2088385
Slovenia,SI,2020,40782.6412438584,22928.7627401934,2102419
Slovenia,SI,2021,43815.9388436228,24744.841297261,2108079
Slovenia,SI,2022,,,
Spain,ES,1960,,6215.03628303374,30455000
Spain,ES,1961,,6886.53906136078,30739250
Spain,ES,1962,,7502.64123248001,31023366
Spain,ES,1963,,8150.83139574788,31296651
Spain,ES,1964,,8498.64737489621,31609195
Spain,ES,1965,,8932.55704709902,31954292
Spain,ES,1966,,9482.21611422722,32283194
Spain,ES,1967,,9772.76322009005,32682947
Spain,ES,1968,,10282.1364767468,33113134
Spain,ES,1969,,11088.1616945848,33441054
Spain,ES,1970,,11436.0331188603,33814531
Spain,ES,1971,,11824.3924635801,34224490
Spain,ES,1972,,12647.6294952165,34604469
Spain,ES,1973,,13482.8822077544,34988947
Spain,ES,1974,,14085.7110758222,35373335
Spain,ES,1975,,14009.7754794436,35757900
Spain,ES,1976,,14320.4804389576,36137812
Spain,ES,1977,,14576.1951146606,36511638
Spain,ES,1978,,14647.7246126266,36864898
Spain,ES,1979,,14525.1922827734,37191330
Spain,ES,1980,,14727.283522557,37491165
Spain,ES,1981,,14603.5909310161,37758631
Spain,ES,1982,,14697.1136411382,37986012
Spain,ES,1983,,14884.5774725596,38171525
Spain,ES,1984,,15087.438954457,38330364
Spain,ES,1985,,15381.8445670239,38469512
Spain,ES,1986,,15834.8828670987,38584624
Spain,ES,1987,,16669.9770385052,38684815
Spain,ES,1988,,17482.0869882871,38766939
Spain,ES,1989,,18297.2443971757,38827764
Spain,ES,1990,13686.0454520937,18969.8086426392,38867322
Spain,ES,1991,14472.2397013102,19403.3303796801,38966376
Spain,ES,1992,14866.5895475197,19487.9512119662,39157685
Spain,ES,1993,14984.1050686008,19187.1823103537,39361262
Spain,ES,1994,15594.3736051334,19551.1452944731,39549108
Spain,ES,1995,16288.3585470469,20001.790799896,39724050
Spain,ES,1996,16979.7980959787,20448.6014871574,39889852
Spain,ES,1997,17912.7040802176,21117.0185808291,40057389
Spain,ES,1998,19097.0634139632,21953.667519614,40223509
Spain,ES,1999,19954.2902150512,22846.7177460286,40386875
Spain,ES,2000,21588.4237488431,23937.9685518675,40567864
Spain,ES,2001,22953.5715659117,24707.3670736861,40850412
Spain,ES,2002,24371.5988492666,25026.0864710207,41431558
Spain,ES,2003,25047.397273222,25310.4563874129,42187645
Spain,ES,2004,26143.7687141562,25654.3365515924,42921895
Spain,ES,2005,27606.9340516269,26145.8085786196,43653155
Spain,ES,2006,30718.2188352448,26762.2672557942,44397319
Spain,ES,2007,32473.6538915928,27218.4492597353,45226803
Spain,ES,2008,33263.2723985249,27025.2949432871,45954106
Spain,ES,2009,32092.7220611053,25778.9564650653,46362946
Spain,ES,2010,31681.1005508478,25702.3468448149,46576897
Spain,ES,2011,31867.9732396862,25402.6050717462,46742697
Spain,ES,2012,31720.1199986535,24634.9620884239,46773055
Spain,ES,2013,32434.0032017704,24368.9682370919,46620045
Spain,ES,2014,33525.7406299089,24783.0829468685,46480882
Spain,ES,2015,34903.1274779473,25754.36102944,46444832
Spain,ES,2016,37286.2134326488,26514.3248119679,46484062
Spain,ES,2017,39528.9253872668,27239.3524364815,46593236
Spain,ES,2018,40696.3876815487,27739.8647682529,46797754
Spain,ES,2019,43069.3810950049,28087.8979203438,47134837
Spain,ES,2020,38122.5519730773,24785.446714692,47365655
Spain,ES,2021,40602.0702048685,26125.8716662745,47415750
Spain,ES,2022,,,
Sweden,SE,1960,,16525.3610487407,7484656
Sweden,SE,1961,,17382.1380092371,7519998
Sweden,SE,1962,,18022.7749590695,7561588
Sweden,SE,1963,,18876.3227449503,7604328
Sweden,SE,1964,,20013.8211147241,7661354
Sweden,SE,1965,,20583.8667315087,7733853
Sweden,SE,1966,,20815.227246362,7807797
Sweden,SE,1967,,21351.2973543117,7867931
Sweden,SE,1968,,22004.1547418406,7912273
Sweden,SE,1969,,22944.5496519972,7968072
Sweden,SE,1970,,24388.2982101309,8042801
Sweden,SE,1971,,24449.8627753744,8098334
Sweden,SE,1972,,24935.6623161897,8122300
Sweden,SE,1973,,25880.4576182711,8136312
Sweden,SE,1974,,26630.7799151019,8159955
Sweden,SE,1975,,27202.3438863705,8192437
Sweden,SE,1976,,27390.3768576514,8222286
Sweden,SE,1977,,26857.5992015998,8251540
Sweden,SE,1978,,27248.574338554,8275599
Sweden,SE,1979,,28233.2417691962,8293678
Sweden,SE,1980,,28654.9710634965,8310531
Sweden,SE,1981,,28750.8038276117,8320503
Sweden,SE,1982,,29093.1613210421,8325263
Sweden,SE,1983,,29632.6983848712,8329033
Sweden,SE,1984,,30857.9705441183,8336605
Sweden,SE,1985,,31472.5916095749,8350386
Sweden,SE,1986,,32244.5427172446,8369829
Sweden,SE,1987,,33214.9576323827,8397804
Sweden,SE,1988,,33908.7385537576,8436489
Sweden,SE,1989,,34577.4837345325,8492964
Sweden,SE,1990,20425.7270312878,34570.3057339939,8558835
Sweden,SE,1991,20732.6821711367,33941.9851819102,8617375
Sweden,SE,1992,20836.9066210138,33352.5383635834,8668067
Sweden,SE,1993,20769.2110645595,32474.4299146671,8718561
Sweden,SE,1994,21890.2475319313,33511.6487224481,8780745
Sweden,SE,1995,23107.1868055992,34648.1189154575,8826939
Sweden,SE,1996,23934.1109965195,35139.4029916108,8840998
Sweden,SE,1997,24805.7660804883,36197.6342064807,8846062
Sweden,SE,1998,25888.4388311154,37737.4622753825,8850974
Sweden,SE,1999,27471.5582721119,39309.5970016519,8857874
Sweden,SE,2000,29623.9911890299,41117.1524303504,8872109
Sweden,SE,2001,29933.3445285144,41601.3076782847,8895960
Sweden,SE,2002,30926.5055989396,42377.119637975,8924958
Sweden,SE,2003,31816.4700997251,43194.9261684047,8958229
Sweden,SE,2004,33858.8045033985,44891.323206397,8993531
Sweden,SE,2005,34244.4650156257,45990.3743263984,9029572
Sweden,SE,2006,37727.7248797947,47864.8108642309,9080505
Sweden,SE,2007,40910.3236910077,49145.1958332412,9148092
Sweden,SE,2008,42158.2956995539,48544.1158941036,9219637
Sweden,SE,2009,40279.877005563,46043.4809449994,9298515
Sweden,SE,2010,42221.7581999992,48369.9100407876,9378126
Sweden,SE,2011,44608.5802614915,49539.9726076492,9449213
Sweden,SE,2012,45432.4319692761,48885.5484179725,9519374
Sweden,SE,2013,46312.3923824667,49048.8187500238,9600379
Sweden,SE,2014,47184.6691338182,49855.301012313,9696110
Sweden,SE,2015,49103.1334338706,51545.4836095322,9799186
Sweden,SE,2016,50430.2528196052,51955.8610703634,9923085
Sweden,SE,2017,51947.9542478244,52576.8102821051,10057698
Sweden,SE,2018,53521.6306428288,52983.0068617482,10175214
Sweden,SE,2019,56404.3002044523,53490.3518198746,10278887
Sweden,SE,2020,55569.2456624211,51952.6731328342,10353442
Sweden,SE,2021,59237.6132286422,54262.4390838963,10415811
Sweden,SE,2022,,,
